Year_Month,Region,Sales Channel,Total Revenue,Total Profit,Units Sold,Order ID
2010-01,Asia,Offline,18478024.35875,6010126.66875,55317,13
2010-01,Asia,Online,16146410.668750001,4842688.798750001,60269,8
2010-01,Australia and Oceania,Offline,7555645.05,2829621.42,41790,7
2010-01,Australia and Oceania,Online,1876213.28,656083.53,18086,5
2010-01,Central America and the Caribbean,Offline,7464920.720000001,2661429.9699999997,43330,9
2010-01,Central America and the Caribbean,Online,9533903.09,2747052.5400000005,39755,7
2010-01,Europe,Offline,17428579.75,5625888.1,86923,15
2010-01,Europe,Online,22162090.49875,7233828.58,98208,19
2010-01,Middle East and North Africa,Offline,1506727.5,544507.5000000002,9875,2
2010-01,Middle East and North Africa,Online,16913389.5875,5620652.7775,72079,14
2010-01,North America,Offline,743170.89,227870.58,9093,1
2010-01,North America,Online,897469.1,386518.17,4363,1
2010-01,Sub-Saharan Africa,Offline,9534386.57,3200726.1387500004,30993,9
2010-01,Sub-Saharan Africa,Online,19379561.1975,6440310.069999999,83683,21
2010-02,Asia,Offline,10719761.9575,2995704.59,37915,8
2010-02,Asia,Online,11692927.02875,3612390.3500000006,45483,12
2010-02,Australia and Oceania,Offline,152671.64,46812.080000000016,1868,1
2010-02,Australia and Oceania,Online,8637949.42875,3132204.87875,40255,6
2010-02,Central America and the Caribbean,Offline,6799130.5287500005,2044704.0999999999,35454,7
2010-02,Central America and the Caribbean,Online,11076789.0075,2695386.3499999996,20843,4
2010-02,Europe,Offline,15913894.238750001,4691166.0175,64092,14
2010-02,Europe,Online,15574286.727500001,4513530.0,54097,12
2010-02,Middle East and North Africa,Offline,4252383.77,978223.5699999998,16116,2
2010-02,Middle East and North Africa,Online,5039293.33,1963851.3100000003,23086,5
2010-02,North America,Online,18249.76,12264.479999999998,167,1
2010-02,Sub-Saharan Africa,Offline,16551836.307500001,4684668.5975,61157,11
2010-02,Sub-Saharan Africa,Online,13941986.41,5018180.99,71579,13
2010-03,Asia,Offline,12560293.7975,3779078.6100000003,31828,5
2010-03,Asia,Online,15146488.969999999,4590205.29,62431,12
2010-03,Australia and Oceania,Offline,3866863.86,1550697.5899999996,22834,5
2010-03,Australia and Oceania,Online,7011019.41875,2580518.3,25421,4
2010-03,Central America and the Caribbean,Offline,5541135.800000001,1542783.9500000002,24098,5
2010-03,Central America and the Caribbean,Online,12343408.59,4041237.0100000007,53202,9
2010-03,Europe,Offline,12172893.58875,4158226.85875,55145,11
2010-03,Europe,Online,30043515.83875,10253666.807500001,91350,17
2010-03,Middle East and North Africa,Offline,2167772.84,821810.69,13846,3
2010-03,Middle East and North Africa,Online,9092782.76875,2829031.43,33519,7
2010-03,North America,Offline,652532.3200000001,200079.04000000004,7984,1
2010-03,Sub-Saharan Africa,Offline,9094300.7,3405546.75875,36564,9
2010-03,Sub-Saharan Africa,Online,10735183.18,2573999.05,56356,9
2010-04,Asia,Offline,16540398.7575,4370781.53875,59173,12
2010-04,Asia,Online,8818603.95,3469562.76,42535,10
2010-04,Australia and Oceania,Offline,685404.16,460615.68000000005,6272,1
2010-04,Australia and Oceania,Online,2689804.83,369583.1799999997,10559,3
2010-04,Central America and the Caribbean,Offline,5152715.76,2033382.7399999998,17113,5
2010-04,Central America and the Caribbean,Online,7459196.08,2434952.46,41944,8
2010-04,Europe,Offline,3781894.19,1482657.28,28883,9
2010-04,Europe,Online,9169703.75,3017889.01875,39607,8
2010-04,Middle East and North Africa,Offline,9338833.219999999,2702053.8999999994,39286,9
2010-04,Middle East and North Africa,Online,13896470.1775,3899154.079999999,51752,9
2010-04,North America,Offline,3345914.5599999996,1460061.8599999999,10891,2
2010-04,North America,Online,929317.12,624533.76,8504,1
2010-04,Sub-Saharan Africa,Offline,11314475.2475,3381363.059999999,33508,10
2010-04,Sub-Saharan Africa,Online,21172904.9675,6904540.93,79106,14
2010-05,Asia,Offline,9946959.47875,2236689.49,24510,8
2010-05,Asia,Online,4434224.61,1684129.9900000002,26280,7
2010-05,Australia and Oceania,Offline,934359.3200000001,516534.36,7619,2
2010-05,Australia and Oceania,Online,3948445.9699999997,1521882.9000000001,31538,8
2010-05,Central America and the Caribbean,Offline,6912992.93875,2051116.2000000002,26007,5
2010-05,Central America and the Caribbean,Online,14016143.67875,3237541.1599999997,35324,8
2010-05,Europe,Offline,20358515.1475,5765456.2775,64474,13
2010-05,Europe,Online,8731076.21,2900994.3100000005,46073,9
2010-05,Middle East and North Africa,Offline,5798937.76,2127001.96,27117,6
2010-05,Middle East and North Africa,Online,10845228.637500001,3528827.76875,32464,6
2010-05,North America,Offline,1418841.4200000002,512746.8600000002,9299,1
2010-05,North America,Online,2010840.56,755089.2200000002,7877,1
2010-05,Sub-Saharan Africa,Offline,12460919.25,3283558.26,57780,11
2010-05,Sub-Saharan Africa,Online,16262722.488750001,4802912.618749999,62061,15
2010-06,Asia,Offline,21068581.0975,6854603.668749999,66402,17
2010-06,Asia,Online,5794581.73875,1586134.2100000004,17699,3
2010-06,Australia and Oceania,Offline,540807.41,165822.02000000002,6617,2
2010-06,Australia and Oceania,Online,57043.62,14734.740000000003,6114,1
2010-06,Central America and the Caribbean,Offline,655217.18,268491.89,4253,1
2010-06,Central America and the Caribbean,Online,4436283.4,1706711.93875,17120,3
2010-06,Europe,Offline,20767398.09875,6590757.8675,92071,14
2010-06,Europe,Online,5955746.87,1821045.7100000002,43683,9
2010-06,Middle East and North Africa,Offline,10625620.80875,3127880.59875,27193,5
2010-06,Middle East and North Africa,Online,4522530.0,1228893.0600000003,21731,7
2010-06,North America,Online,4158145.7887500003,1279699.6687500002,13693,2
2010-06,Sub-Saharan Africa,Offline,22576909.9475,6630737.9575000005,72797,15
2010-06,Sub-Saharan Africa,Online,18406972.580000002,5465504.35,84274,21
2010-07,Asia,Offline,5653010.59,1916159.59,21162,7
2010-07,Asia,Online,2427622.3,1243503.21,18958,5
2010-07,Australia and Oceania,Offline,4153806.68,1593650.1600000001,22545,3
2010-07,Australia and Oceania,Online,5466737.97,1798122.8987500002,21036,4
2010-07,Central America and the Caribbean,Offline,11082917.969999999,4048306.20875,30456,7
2010-07,Central America and the Caribbean,Online,1875347.59,740965.13,7933,2
2010-07,Europe,Offline,16738016.578750001,5150839.9087499995,64329,12
2010-07,Europe,Online,12246235.86,3106088.19,70482,13
2010-07,Middle East and North Africa,Offline,13648984.978750002,3876981.94875,47655,9
2010-07,Middle East and North Africa,Online,3901136.38,867841.4299999996,9315,4
2010-07,North America,Offline,414061.92,278264.16,3789,1
2010-07,North America,Online,4186681.35875,829374.1,7892,2
2010-07,Sub-Saharan Africa,Offline,9115226.77875,2948971.09,44585,7
2010-07,Sub-Saharan Africa,Online,18576892.05875,4562151.66875,62498,14
2010-08,Asia,Offline,7786779.86,2222535.72875,28728,6
2010-08,Asia,Online,10146612.8275,2965331.37875,38200,6
2010-08,Australia and Oceania,Offline,8665852.77875,2962882.6799999997,37133,6
2010-08,Australia and Oceania,Online,11117158.16,4443785.51,61581,8
2010-08,Central America and the Caribbean,Offline,3668169.89,1537831.21,29912,4
2010-08,Central America and the Caribbean,Online,2798961.16,1037015.5900000002,12928,3
2010-08,Europe,Offline,18166497.54,4887947.95875,74065,17
2010-08,Europe,Online,22581523.43,5844864.29,77061,16
2010-08,Middle East and North Africa,Offline,5629450.9399999995,1688387.6399999997,15756,3
2010-08,Middle East and North Africa,Online,4250915.0200000005,1556043.3100000005,28660,6
2010-08,North America,Offline,3016570.78,748105.2199999997,4514,1
2010-08,Sub-Saharan Africa,Offline,9155475.31,3814968.7,77894,14
2010-08,Sub-Saharan Africa,Online,18534205.978749998,6419860.628749998,62439,14
2010-09,Asia,Offline,10442084.25,3713877.3999999994,50311,12
2010-09,Asia,Online,5891139.27,1601013.59,20079,6
2010-09,Australia and Oceania,Offline,4008722.3,1452974.7599999998,14726,3
2010-09,Australia and Oceania,Online,2608259.11,771618.1499999999,12464,3
2010-09,Central America and the Caribbean,Offline,11187396.498750001,2753192.59875,37004,6
2010-09,Central America and the Caribbean,Online,4272667.608750001,1175207.7699999998,17644,4
2010-09,Europe,Offline,14310640.57,3387437.170000001,52133,14
2010-09,Europe,Online,9332101.79,3611910.9699999997,50929,15
2010-09,Middle East and North Africa,Offline,8699568.46875,3228571.7300000004,47618,8
2010-09,Middle East and North Africa,Online,11694772.57,2824422.47,46098,9
2010-09,Sub-Saharan Africa,Offline,30108780.267500002,9563163.2,103030,19
2010-09,Sub-Saharan Africa,Online,17143218.89,4890462.438750001,60649,10
2010-10,Asia,Offline,10140293.99,3384637.1599999997,47358,9
2010-10,Asia,Online,25139409.28875,8664976.81,96022,17
2010-10,Australia and Oceania,Offline,3313030.76,1357247.4700000002,9622,3
2010-10,Australia and Oceania,Online,6280390.88,2144853.5787500003,18961,3
2010-10,Central America and the Caribbean,Offline,4197751.98,646183.24,23814,4
2010-10,Central America and the Caribbean,Online,2079946.09,470784.41,11758,3
2010-10,Europe,Offline,10743534.918750001,3364704.70875,46625,9
2010-10,Europe,Online,27034648.3775,7196517.6575,90302,18
2010-10,Middle East and North Africa,Offline,2800969.4800000004,1232219.99,19808,4
2010-10,Middle East and North Africa,Online,8226830.16875,2336093.4087500004,31458,6
2010-10,North America,Offline,355050.72000000003,238606.56,3249,1
2010-10,North America,Online,3916414.8499999996,1269008.9087500002,9139,2
2010-10,Sub-Saharan Africa,Offline,17958364.97875,5972303.9887500005,91444,17
2010-10,Sub-Saharan Africa,Online,26837638.81875,8992124.03875,87315,16
2010-11,Asia,Offline,4262110.6899999995,712497.4499999998,15031,8
2010-11,Asia,Online,10121690.338750001,2847826.73,39595,11
2010-11,Australia and Oceania,Offline,5673035.67,1326882.13,16685,4
2010-11,Australia and Oceania,Online,1873276.55,694700.0200000003,10567,3
2010-11,Central America and the Caribbean,Offline,1696978.75,603158.4600000001,15801,4
2010-11,Central America and the Caribbean,Online,1290181.8599999999,528434.75,15572,3
2010-11,Europe,Offline,9764025.258750001,3555376.1587500004,43761,8
2010-11,Europe,Online,7955542.050000001,2384854.83875,28233,7
2010-11,Middle East and North Africa,Offline,11462001.71875,4358346.62875,48448,7
2010-11,Middle East and North Africa,Online,6640841.76,2825871.41,33540,8
2010-11,North America,Online,4115031.85875,984371.25,7797,1
2010-11,Sub-Saharan Africa,Offline,32053700.18625,9938423.915000001,91705,16
2010-11,Sub-Saharan Africa,Online,10052318.99,3302734.64,47060,9
2010-12,Asia,Offline,3591232.19,1344542.71,23550,7
2010-12,Asia,Online,2432820.56,861068.98,30198,5
2010-12,Australia and Oceania,Offline,26385.24,6815.480000000003,2828,1
2010-12,Australia and Oceania,Online,1009932.3,553015.5,14270,3
2010-12,Central America and the Caribbean,Offline,5622172.01,2179213.8899999997,18594,4
2010-12,Central America and the Caribbean,Online,7498560.510000001,2737237.909999999,28080,5
2010-12,Europe,Offline,18962994.97,5676094.93,59490,15
2010-12,Europe,Online,19861399.048750002,5091181.95,80139,14
2010-12,Middle East and North Africa,Offline,13758487.186250001,3826295.5075,42043,8
2010-12,Middle East and North Africa,Online,8455454.37,3306956.3400000003,33683,8
2010-12,North America,Offline,3101313.39,420477.2000000002,7351,1
2010-12,Sub-Saharan Africa,Offline,22463019.0375,6485706.95,76973,15
2010-12,Sub-Saharan Africa,Online,26527009.66875,8687276.7475,91360,18
2011-01,Asia,Offline,1814404.73,673123.5200000001,10202,3
2011-01,Asia,Online,7846561.220000001,2651734.25,46348,8
2011-01,Australia and Oceania,Offline,9292629.83875,3279695.04875,30356,6
2011-01,Australia and Oceania,Online,10267209.90875,2987965.6375,24451,4
2011-01,Central America and the Caribbean,Offline,5982275.819999999,1554431.7299999997,17060,6
2011-01,Central America and the Caribbean,Online,4837220.07,1017808.5100000002,22006,7
2011-01,Europe,Offline,27971755.146250002,8554298.6975,80793,15
2011-01,Europe,Online,21142194.98875,5864280.71875,89698,19
2011-01,Middle East and North Africa,Offline,8560867.44,3117785.79,41378,8
2011-01,Middle East and North Africa,Online,4425461.68,1668428.5800000003,21987,5
2011-01,North America,Offline,2066138.7499999998,489981.49,6533,3
2011-01,North America,Online,1923281.06,476970.93999999994,2878,1
2011-01,Sub-Saharan Africa,Offline,22686625.5275,6226947.249999999,73115,13
2011-01,Sub-Saharan Africa,Online,14434271.36875,4034149.6999999993,53305,16
2011-02,Asia,Offline,16814100.0375,4971337.71875,49980,7
2011-02,Asia,Online,11160850.780000001,4039666.94,43425,7
2011-02,Australia and Oceania,Offline,2563366.66,632078.54,5708,2
2011-02,Australia and Oceania,Online,1975925.38,861923.29,22039,5
2011-02,Central America and the Caribbean,Offline,10045655.758750001,2317574.74,44847,7
2011-02,Central America and the Caribbean,Online,3200777.6799999997,1176727.37,24774,5
2011-02,Europe,Offline,8529806.05,2501973.98,50826,11
2011-02,Europe,Online,18347935.46875,5469894.92,80336,19
2011-02,Middle East and North Africa,Offline,9084231.008750001,2831607.61,37199,6
2011-02,Middle East and North Africa,Online,8181496.970000001,2691371.68,38406,5
2011-02,North America,Offline,2483417.59,914491.0000000001,16540,2
2011-02,Sub-Saharan Africa,Offline,13728176.86,3502810.5899999994,52114,10
2011-02,Sub-Saharan Africa,Online,18337887.33875,6553288.018750001,69400,13
2011-03,Asia,Offline,7860335.9087499995,2690806.6399999997,47609,9
2011-03,Asia,Online,17932391.5575,5126159.16875,56420,12
2011-03,Australia and Oceania,Online,7696098.01,2431597.84875,20982,4
2011-03,Central America and the Caribbean,Offline,7379218.8,2034957.55,48528,9
2011-03,Central America and the Caribbean,Online,2459463.22,851628.9799999999,21887,5
2011-03,Europe,Offline,15793007.03,6029720.02,84930,15
2011-03,Europe,Online,9913600.89,3377306.79875,51504,7
2011-03,Middle East and North Africa,Offline,13310700.36875,4568032.7675,46423,9
2011-03,Middle East and North Africa,Online,7428191.890000001,2282424.2500000005,42546,6
2011-03,North America,Offline,5385644.88,968568.4000000001,9352,2
2011-03,North America,Online,217563.1,72653.70000000001,8820,2
2011-03,Sub-Saharan Africa,Offline,9716063.01875,3078466.88,64636,11
2011-03,Sub-Saharan Africa,Online,23571353.53,7306523.28,95892,19
2011-04,Asia,Offline,9819820.48,3333099.0900000003,48890,9
2011-04,Asia,Online,16849080.7575,5196180.62875,62797,13
2011-04,Australia and Oceania,Offline,1164159.8399999999,782356.3199999998,10653,2
2011-04,Australia and Oceania,Online,4919679.5600000005,1811251.5200000005,25202,5
2011-04,Central America and the Caribbean,Offline,2858377.52,1104095.98,34665,7
2011-04,Central America and the Caribbean,Online,1191770.79,463154.49,16143,3
2011-04,Europe,Offline,24809882.81875,6354696.35,81046,17
2011-04,Europe,Online,16477162.186250001,4942830.30875,66225,10
2011-04,Middle East and North Africa,Offline,6526534.35,2539929.5500000003,33752,6
2011-04,Middle East and North Africa,Online,1281635.71,442362.78,25152,7
2011-04,North America,Offline,3408449.31,462118.8000000003,8079,1
2011-04,North America,Online,8221651.45875,2253313.05875,17193,2
2011-04,Sub-Saharan Africa,Offline,10235995.81,3850263.95,62574,11
2011-04,Sub-Saharan Africa,Online,16491917.918750001,4746962.2299999995,62514,16
2011-05,Asia,Offline,16127679.7675,4705553.049999999,71528,11
2011-05,Asia,Online,3039009.85,1378852.8900000001,34116,6
2011-05,Australia and Oceania,Offline,225035.8,96917.46,1094,1
2011-05,Australia and Oceania,Online,5998292.37,1390616.52,24915,4
2011-05,Central America and the Caribbean,Offline,4561025.27,1167618.0799999998,16340,4
2011-05,Central America and the Caribbean,Online,6763013.32,1250699.62,14566,4
2011-05,Europe,Offline,15751207.72875,4646730.93,61931,13
2011-05,Europe,Online,16210327.79875,4938897.47,61813,12
2011-05,Middle East and North Africa,Offline,3202998.72,1749347.04,19923,5
2011-05,Middle East and North Africa,Online,7469589.20875,2816087.31,23831,5
2011-05,North America,Offline,2742418.37,583512.73,4891,2
2011-05,North America,Online,358329.12,240809.76,3279,1
2011-05,Sub-Saharan Africa,Offline,22780720.33875,6237854.0600000005,81290,23
2011-05,Sub-Saharan Africa,Online,25561935.55875,7589054.12875,120427,25
2011-06,Asia,Offline,12269995.98,3171934.9600000004,47241,8
2011-06,Asia,Online,6401883.11,2752296.54,42114,7
2011-06,Australia and Oceania,Offline,12799363.59875,4745417.72875,43330,7
2011-06,Australia and Oceania,Online,5645037.33,2163147.0387500003,22990,4
2011-06,Central America and the Caribbean,Offline,8164446.61875,2613858.8800000004,33560,6
2011-06,Central America and the Caribbean,Online,4134989.1500000004,1363959.4100000001,18424,5
2011-06,Europe,Offline,17293167.03875,4682124.909999999,63289,13
2011-06,Europe,Online,21350542.72,5959373.48,99071,20
2011-06,Middle East and North Africa,Offline,11141263.39875,3757502.5687500006,43722,6
2011-06,Middle East and North Africa,Online,9419925.39875,3170443.71,32241,6
2011-06,North America,Offline,930830.52,381431.46,6042,1
2011-06,North America,Online,1794063.6,694090.1599999999,9488,3
2011-06,Sub-Saharan Africa,Offline,27940280.85625,8786580.72,94798,18
2011-06,Sub-Saharan Africa,Online,21891212.8975,6422223.737500001,78162,18
2011-07,Asia,Offline,4446099.57875,1375703.81875,15965,3
2011-07,Asia,Online,6363148.30875,1775670.0899999999,17659,5
2011-07,Australia and Oceania,Offline,5752789.6,1852900.7600000002,28548,6
2011-07,Australia and Oceania,Online,2292354.09,1064636.95,28298,6
2011-07,Central America and the Caribbean,Offline,12418533.50875,2438462.2,34460,6
2011-07,Central America and the Caribbean,Online,9066475.10875,2860224.4887500005,42366,9
2011-07,Europe,Offline,34342171.24625,10358874.508749997,98711,19
2011-07,Europe,Online,19622572.2475,5107460.33,61147,12
2011-07,Middle East and North Africa,Offline,2526524.38,868066.51,23982,5
2011-07,Middle East and North Africa,Online,6248890.359999999,2027710.2187500002,42055,7
2011-07,North America,Offline,5500137.37,1124330.0799999996,12917,2
2011-07,Sub-Saharan Africa,Offline,18669209.84,6529462.140000001,68304,15
2011-07,Sub-Saharan Africa,Online,32034352.25375,9437709.0875,112281,16
2011-08,Asia,Offline,6273501.12,1889538.6900000002,40900,8
2011-08,Asia,Online,18194510.5475,4624300.25875,51130,11
2011-08,Australia and Oceania,Offline,222603.36,149597.28000000003,2037,1
2011-08,Australia and Oceania,Online,5401583.01,1683941.0800000003,34180,7
2011-08,Central America and the Caribbean,Offline,4634020.180000001,1745309.7999999998,23297,8
2011-08,Central America and the Caribbean,Online,10231463.97,2661068.65,34162,7
2011-08,Europe,Offline,27619322.618750002,9212789.94875,100788,20
2011-08,Europe,Online,22109348.05,6132280.88875,110332,21
2011-08,Middle East and North Africa,Offline,14577658.07875,3809317.6199999996,54099,9
2011-08,Middle East and North Africa,Online,12532005.498750001,2957271.55,42043,7
2011-08,Sub-Saharan Africa,Offline,11238582.26875,4550839.09875,69599,14
2011-08,Sub-Saharan Africa,Online,16242846.35875,4505243.77,68674,16
2011-09,Asia,Offline,9042161.64,3083157.18,34529,7
2011-09,Asia,Online,29359664.2175,8952628.11875,84135,16
2011-09,Australia and Oceania,Offline,2909025.0,1077421.62,14185,3
2011-09,Australia and Oceania,Online,3388604.7199999997,1619601.3099999998,25271,5
2011-09,Central America and the Caribbean,Offline,9248778.6175,2891263.9175000004,26033,4
2011-09,Central America and the Caribbean,Online,10668847.73,3172285.79,37326,7
2011-09,Europe,Offline,26773166.396250002,7560777.8575,82006,16
2011-09,Europe,Online,22604717.400000002,5007976.399999999,64290,12
2011-09,Middle East and North Africa,Offline,13165445.27,4298933.038749999,50760,9
2011-09,Middle East and North Africa,Online,9117525.37,3073970.8699999996,28515,8
2011-09,North America,Offline,137061.21000000002,42025.620000000024,1677,1
2011-09,North America,Online,5142281.21875,1847223.16,16128,3
2011-09,Sub-Saharan Africa,Offline,8968794.17875,2286785.2600000002,23247,6
2011-09,Sub-Saharan Africa,Online,17864658.73875,4140930.4899999993,44017,8
2011-10,Asia,Offline,11543893.088750001,4319468.54,62610,13
2011-10,Asia,Online,8396192.29875,2519333.91,23198,5
2011-10,Australia and Oceania,Offline,3935861.51,1258085.2399999998,11038,3
2011-10,Australia and Oceania,Online,3840235.4400000004,1897000.9800000004,23073,3
2011-10,Central America and the Caribbean,Offline,12793366.39875,3491018.9699999993,42755,7
2011-10,Central America and the Caribbean,Online,7389771.0,2003218.02,37893,8
2011-10,Europe,Offline,26721148.32625,7446037.3575,71066,15
2011-10,Europe,Online,9669594.10875,3157596.77,37677,9
2011-10,Middle East and North Africa,Offline,6960685.35,2711860.87,38563,8
2011-10,Middle East and North Africa,Online,5921323.45,1828660.0799999998,26177,5
2011-10,North America,Offline,4581263.21875,1127198.7200000004,22223,3
2011-10,North America,Online,42420.3,14000.040000000005,894,1
2011-10,Sub-Saharan Africa,Offline,20610190.79875,5697384.699999999,81630,17
2011-10,Sub-Saharan Africa,Online,6904187.75,2263889.89,47326,9
2011-11,Asia,Offline,19208912.11875,4213873.79,53715,8
2011-11,Asia,Online,21959111.12875,6712070.74875,87700,16
2011-11,Australia and Oceania,Offline,12946143.19875,2845654.6100000003,30124,5
2011-11,Australia and Oceania,Online,11741364.6375,2804452.8200000003,30194,6
2011-11,Central America and the Caribbean,Offline,12490675.94875,4096503.63875,50164,10
2011-11,Central America and the Caribbean,Online,648504.08,377250.08999999997,14194,3
2011-11,Europe,Offline,9917865.870000001,2580190.8699999996,38570,10
2011-11,Europe,Online,20347331.09625,5202802.008749999,67282,12
2011-11,Middle East and North Africa,Offline,20051268.8675,4997614.889999999,62778,12
2011-11,Middle East and North Africa,Online,8359595.3100000005,2259720.48,29495,8
2011-11,North America,Offline,1516626.1,653174.0699999998,7373,1
2011-11,Sub-Saharan Africa,Offline,17141099.0775,5364465.6,59131,12
2011-11,Sub-Saharan Africa,Online,12481787.26,4474890.49,52134,14
2011-12,Asia,Offline,11543093.07,4111995.4475000002,49350,9
2011-12,Asia,Online,10081697.38875,3133476.0387500003,34625,7
2011-12,Australia and Oceania,Offline,3921600.64,1449492.8,17669,5
2011-12,Australia and Oceania,Online,7060194.74875,2109019.3099999996,22683,5
2011-12,Central America and the Caribbean,Offline,6784466.94,2081647.23,25640,5
2011-12,Central America and the Caribbean,Online,11916207.12875,3167173.12875,40933,6
2011-12,Europe,Offline,15609762.39875,4857818.24875,65887,13
2011-12,Europe,Online,19791511.69875,5574403.37875,85566,16
2011-12,Middle East and North Africa,Offline,883275.7999999999,380405.4599999999,4294,1
2011-12,Middle East and North Africa,Online,2977576.99,1059967.61,24206,4
2011-12,Sub-Saharan Africa,Offline,28522258.8775,9312344.14875,92764,21
2011-12,Sub-Saharan Africa,Online,15701972.59875,5392657.79875,74470,14
2012-01,Asia,Offline,9035438.92,1932840.38,53647,11
2012-01,Asia,Online,13116418.75875,3881950.5,53115,10
2012-01,Australia and Oceania,Offline,10270493.08,1431660.3799999997,26604,5
2012-01,Australia and Oceania,Online,1758341.5899999999,632735.3799999999,10213,3
2012-01,Central America and the Caribbean,Offline,8844398.82875,2780495.8099999996,33744,5
2012-01,Central America and the Caribbean,Online,2960318.9899999998,518019.5099999999,8008,3
2012-01,Europe,Offline,26152327.74875,8768262.73875,119618,25
2012-01,Europe,Online,18450436.78875,4755508.649999999,64868,11
2012-01,Middle East and North Africa,Offline,15426359.76,3931711.22875,36536,8
2012-01,Middle East and North Africa,Online,18238746.3375,4633715.478750001,45439,8
2012-01,North America,Offline,1717142.25,664989.1599999999,5883,2
2012-01,North America,Online,1136571.66,154096.79999999993,2694,1
2012-01,Sub-Saharan Africa,Offline,16686511.908750001,5826292.5287500005,80502,16
2012-01,Sub-Saharan Africa,Online,13435178.31,5126668.76,64078,14
2012-02,Asia,Offline,4085290.27,1827286.73,35866,9
2012-02,Asia,Online,14888638.92,4237492.13,47222,11
2012-02,Australia and Oceania,Offline,2388.48,616.96,256,1
2012-02,Australia and Oceania,Online,1373908.2,489045.8000000002,16290,2
2012-02,Central America and the Caribbean,Offline,2627300.7199999997,1032335.32,15428,2
2012-02,Central America and the Caribbean,Online,7344799.27875,2596943.98875,36737,6
2012-02,Europe,Offline,15775112.69,3368846.9299999997,38753,9
2012-02,Europe,Online,10235351.96875,3052068.2900000005,40544,13
2012-02,Middle East and North Africa,Offline,5496476.0200000005,1230131.2999999998,10525,4
2012-02,Middle East and North Africa,Online,3733498.83,1023125.7399999998,27081,5
2012-02,North America,Offline,398580.0,131544.0,8400,1
2012-02,North America,Online,1533975.42,628585.4099999998,9957,1
2012-02,Sub-Saharan Africa,Offline,26102781.0175,8281761.328749999,85022,19
2012-02,Sub-Saharan Africa,Online,7016093.92,2598409.42,60572,12
2012-03,Asia,Offline,6451145.5200000005,1421581.6700000002,22747,6
2012-03,Asia,Online,9095128.8,2528034.1099999994,33710,7
2012-03,Australia and Oceania,Offline,3355009.8000000003,1316805.54,26085,5
2012-03,Australia and Oceania,Online,2067542.92,432593.18999999994,6126,3
2012-03,Central America and the Caribbean,Offline,2444519.7600000002,783085.1000000001,17315,4
2012-03,Central America and the Caribbean,Online,4084235.97,901385.8,6986,3
2012-03,Europe,Offline,39146364.805,11386219.34875,101597,21
2012-03,Europe,Online,19982197.93875,6706507.89875,71082,16
2012-03,Middle East and North Africa,Offline,5108379.59,1760684.08,43313,7
2012-03,Middle East and North Africa,Online,4767258.76,1226744.9600000002,16038,7
2012-03,North America,Offline,4576001.01,999427.45,7441,2
2012-03,North America,Online,2974418.7,1242465.1,17820,3
2012-03,Sub-Saharan Africa,Offline,12692768.100000001,3725201.9000000004,73062,16
2012-03,Sub-Saharan Africa,Online,20719640.9,7096704.36,104489,17
2012-04,Asia,Offline,22341905.830000002,7319303.88,85116,17
2012-04,Asia,Online,23204197.85625,6011222.077500001,63315,10
2012-04,Australia and Oceania,Offline,13774809.129999999,4352558.65,41878,9
2012-04,Australia and Oceania,Online,6388158.34,1938453.95,23882,7
2012-04,Central America and the Caribbean,Offline,5977233.95875,2070568.3287499999,18754,2
2012-04,Central America and the Caribbean,Online,1946854.8900000001,772275.5599999999,19892,5
2012-04,Europe,Offline,17779204.548750002,6428481.71875,95118,16
2012-04,Europe,Online,21590894.7575,7048559.52875,94846,14
2012-04,Middle East and North Africa,Offline,8675907.31875,2523689.119999999,18257,4
2012-04,Middle East and North Africa,Online,8735096.94,2668116.41,39403,6
2012-04,North America,Offline,758621.76,509820.48,6942,1
2012-04,North America,Online,454167.68,305216.64,4156,1
2012-04,Sub-Saharan Africa,Offline,20593770.375,6716400.397499999,70000,11
2012-04,Sub-Saharan Africa,Online,5651446.28,1392689.13,21610,6
2012-05,Asia,Offline,11828591.19875,3782800.01,58810,11
2012-05,Asia,Online,7045502.630000001,2642467.7600000002,36680,9
2012-05,Australia and Oceania,Offline,3994143.1100000003,963461.4099999999,14005,5
2012-05,Australia and Oceania,Online,1961729.11,765408.7899999998,14260,2
2012-05,Central America and the Caribbean,Offline,12228465.047500001,3771999.7487500003,52170,8
2012-05,Central America and the Caribbean,Online,10786312.59875,3178296.55,34911,6
2012-05,Europe,Offline,14353079.8375,4011957.8899999997,61400,12
2012-05,Europe,Online,13528646.28875,4573088.85875,50197,11
2012-05,Middle East and North Africa,Offline,7461918.55875,2498626.08,18957,3
2012-05,Middle East and North Africa,Online,8254288.91875,2879480.75875,30458,6
2012-05,North America,Offline,2616277.05,648832.9499999997,3915,1
2012-05,Sub-Saharan Africa,Offline,9373869.76,3701682.23,57049,10
2012-05,Sub-Saharan Africa,Online,9522820.84,2753386.6200000006,67210,16
2012-06,Asia,Offline,2029375.37,792223.95,22447,5
2012-06,Asia,Online,9124654.72,2746598.5999999996,43545,7
2012-06,Australia and Oceania,Offline,1465105.3,642274.4400000001,11435,3
2012-06,Australia and Oceania,Online,6339461.05,1504275.7499999998,36536,7
2012-06,Central America and the Caribbean,Offline,15127416.53875,4024210.6987500004,49248,7
2012-06,Central America and the Caribbean,Online,1603543.44,731089.3799999999,16758,5
2012-06,Europe,Offline,12279843.3,5066435.17,67589,15
2012-06,Europe,Online,17783037.95875,5392849.38,56963,15
2012-06,Middle East and North Africa,Offline,7668631.8,2504616.91,29339,5
2012-06,Middle East and North Africa,Online,25121194.21875,6562682.47,88580,15
2012-06,North America,Offline,10300642.9175,3360574.4375,23680,3
2012-06,North America,Online,847998.9,114972.0,2010,1
2012-06,Sub-Saharan Africa,Offline,12031930.42,4504530.46875,75612,13
2012-06,Sub-Saharan Africa,Online,21994074.5875,6397601.67875,120846,19
2012-07,Asia,Offline,4558914.35,1769371.9100000001,28349,6
2012-07,Asia,Online,7744313.88,2425860.63,41153,6
2012-07,Australia and Oceania,Offline,4358260.33875,1136972.31,11391,2
2012-07,Australia and Oceania,Online,7250460.41,2461858.8600000003,22028,5
2012-07,Central America and the Caribbean,Offline,15778213.22875,5290806.90875,54855,8
2012-07,Central America and the Caribbean,Online,8110232.70875,2726745.58,35259,9
2012-07,Europe,Offline,25563763.740000002,5993002.45875,91282,20
2012-07,Europe,Online,20934293.64875,6375111.067499999,75632,18
2012-07,Middle East and North Africa,Offline,16610199.9075,4537355.539999999,54573,9
2012-07,Middle East and North Africa,Online,17632047.80875,5588465.59875,69643,16
2012-07,North America,Offline,978232.96,367335.52,3832,1
2012-07,North America,Online,1078127.1700000002,401486.3900000001,7184,2
2012-07,Sub-Saharan Africa,Offline,16408053.48,4043190.58,70853,19
2012-07,Sub-Saharan Africa,Online,10084688.06,4176594.4899999998,83838,15
2012-08,Asia,Offline,4635617.98,1320970.52,17171,4
2012-08,Asia,Online,9698250.83875,3440967.7487500003,62899,9
2012-08,Australia and Oceania,Offline,1555316.6900000002,583576.1600000001,6266,2
2012-08,Australia and Oceania,Online,1177784.3599999999,423193.2200000001,6917,2
2012-08,Central America and the Caribbean,Offline,5378075.2,2215787.68,24057,4
2012-08,Central America and the Caribbean,Online,10037367.4,3080502.80875,33946,8
2012-08,Europe,Offline,16294966.97875,4691539.077500001,61511,11
2012-08,Europe,Online,8462760.58,2908283.2700000005,42447,11
2012-08,Middle East and North Africa,Offline,15480149.508750001,3970801.5700000003,70793,14
2012-08,Middle East and North Africa,Online,3490338.76,1383671.43,19582,6
2012-08,North America,Offline,3153124.0,1315575.0,12020,2
2012-08,Sub-Saharan Africa,Offline,19721806.89875,6527041.958750001,79144,17
2012-08,Sub-Saharan Africa,Online,7840622.17,2977618.74,53501,14
2012-09,Asia,Offline,12633487.58,4050234.9099999988,41708,9
2012-09,Asia,Online,6573930.98,1818529.0000000002,38401,7
2012-09,Australia and Oceania,Offline,22435875.2275,6765163.387499999,59993,11
2012-09,Australia and Oceania,Online,1602031.87,643944.75,16357,3
2012-09,Central America and the Caribbean,Offline,1918802.1700000002,907291.9300000002,18509,5
2012-09,Central America and the Caribbean,Online,12441808.43875,3613310.10875,43038,7
2012-09,Europe,Offline,15178873.34875,5185568.548749999,70668,17
2012-09,Europe,Online,24875376.0575,8322707.02875,89414,17
2012-09,Middle East and North Africa,Offline,6827297.3,2167340.4899999993,41539,7
2012-09,Middle East and North Africa,Online,7642982.78,2969109.66,23448,8
2012-09,North America,Offline,1120679.2,420825.4,4390,1
2012-09,North America,Online,4115031.85875,1268563.05875,9889,1
2012-09,Sub-Saharan Africa,Offline,23926490.425,5777672.58,72491,13
2012-09,Sub-Saharan Africa,Online,23278463.55875,7024403.77625,83212,15
2012-10,Asia,Offline,6336347.58,1562333.37,22080,4
2012-10,Asia,Online,1745702.8199999998,844974.1100000001,12646,3
2012-10,Australia and Oceania,Offline,2037464.6500000001,764104.2900000002,14718,4
2012-10,Australia and Oceania,Online,6471183.19,2352472.5999999996,20427,4
2012-10,Central America and the Caribbean,Offline,2382025.24,1321130.02,18961,3
2012-10,Central America and the Caribbean,Online,5385577.58875,1644118.21,21189,3
2012-10,Europe,Offline,15099898.48,5088834.01875,58471,12
2012-10,Europe,Online,24311971.49875,6191014.94,79443,17
2012-10,Middle East and North Africa,Offline,14151832.76875,4504488.26875,53393,10
2012-10,Middle East and North Africa,Online,18647052.77875,4394327.109999999,49338,11
2012-10,North America,Offline,5446637.6,2166072.46,12458,2
2012-10,North America,Online,1065390.26,389989.5900000001,6861,2
2012-10,Sub-Saharan Africa,Offline,17830968.65875,5668429.31,88879,19
2012-10,Sub-Saharan Africa,Online,20948286.169999998,6543848.7299999995,75721,17
2012-11,Asia,Offline,5289440.33,1504095.3699999992,22789,6
2012-11,Asia,Online,8530151.4,1966844.6899999995,36776,6
2012-11,Australia and Oceania,Offline,7549766.57875,2392701.48,32308,5
2012-11,Australia and Oceania,Online,2263263.64,861984.59,12867,4
2012-11,Central America and the Caribbean,Offline,3267682.6199999996,1262383.5899999999,23178,3
2012-11,Central America and the Caribbean,Online,3444235.87,1698279.43,40389,6
2012-11,Europe,Offline,13342254.608749999,4368234.9675,50315,9
2012-11,Europe,Online,11214258.29,3972212.9,72645,15
2012-11,Middle East and North Africa,Offline,410945.03,137504.30000000002,4931,2
2012-11,Middle East and North Africa,Online,629893.11,193137.42,7707,1
2012-11,North America,Offline,1258945.96,780818.94,10361,2
2012-11,North America,Online,1902857.12,714540.4400000002,7454,1
2012-11,Sub-Saharan Africa,Offline,14623738.24875,4351002.69875,48027,11
2012-11,Sub-Saharan Africa,Online,14875137.22,3101763.6799999997,38379,9
2012-12,Asia,Offline,7166217.78,1922946.4100000004,33838,7
2012-12,Asia,Online,22245338.9175,6934173.2775,85842,13
2012-12,Australia and Oceania,Offline,2916740.23,469819.9999999999,14067,3
2012-12,Australia and Oceania,Online,5675828.71875,1491431.58,16376,4
2012-12,Central America and the Caribbean,Offline,10394040.10875,2630797.2099999995,40776,5
2012-12,Central America and the Caribbean,Online,10393797.0675,3022672.59,33877,7
2012-12,Europe,Offline,22846916.23875,6438825.76,79930,18
2012-12,Europe,Online,16834462.2475,5779909.868749999,79906,14
2012-12,Middle East and North Africa,Offline,1004399.19,470729.4600000001,18372,5
2012-12,Middle East and North Africa,Online,8505982.53,2364716.9199999995,20357,6
2012-12,North America,Offline,2439092.4,902729.8400000002,14524,2
2012-12,North America,Online,2697642.62,498967.40000000014,14078,2
2012-12,Sub-Saharan Africa,Offline,14839672.389999999,5027286.53875,75823,18
2012-12,Sub-Saharan Africa,Online,9580053.62,4020778.7,52897,11
2013-01,Asia,Offline,18563189.2475,5492582.71875,74134,14
2013-01,Asia,Online,15515662.12875,3643734.7099999995,53766,9
2013-01,Australia and Oceania,Offline,5894961.62,1389381.6300000004,30865,4
2013-01,Australia and Oceania,Online,3491129.6,1397368.84,10778,4
2013-01,Central America and the Caribbean,Online,5973258.15875,1398191.0699999996,9109,3
2013-01,Europe,Offline,18910797.85,4912969.279999999,48017,13
2013-01,Europe,Online,9482925.200000001,2373587.3200000008,50239,10
2013-01,Middle East and North Africa,Offline,5459540.95,2351024.2699999996,23464,5
2013-01,Middle East and North Africa,Online,9362891.86,3233751.57,33463,11
2013-01,North America,Online,4965512.7787500005,1533364.11,15285,2
2013-01,Sub-Saharan Africa,Offline,10805667.35,4029150.72,62405,13
2013-01,Sub-Saharan Africa,Online,11017022.44875,3768886.44,54667,12
2013-02,Asia,Offline,4886800.89,1741248.7200000002,22820,6
2013-02,Asia,Online,16387734.77875,5977804.827500001,56917,10
2013-02,Australia and Oceania,Offline,6401162.67875,1986958.5200000003,22480,4
2013-02,Australia and Oceania,Online,4852970.93875,1763918.3987500002,16678,4
2013-02,Central America and the Caribbean,Offline,6734188.16,2718599.47,28774,5
2013-02,Central America and the Caribbean,Online,9030178.75875,2288035.6787499995,23176,5
2013-02,Europe,Offline,13816451.99875,5102365.89875,87167,16
2013-02,Europe,Online,22660161.82625,6626594.41875,100089,18
2013-02,Middle East and North Africa,Offline,10838574.35875,3316704.04875,34999,7
2013-02,Middle East and North Africa,Online,822606.9,280563.03,8487,2
2013-02,North America,Offline,4291.8,1108.6000000000004,460,1
2013-02,North America,Online,40538.08,12429.760000000002,496,1
2013-02,Sub-Saharan Africa,Offline,15393741.98875,4501080.56,52662,14
2013-02,Sub-Saharan Africa,Online,13640984.66,4176082.4187499997,51042,9
2013-03,Asia,Offline,7851108.67875,2628727.34,19453,4
2013-03,Asia,Online,17377805.47625,4594574.7,51955,9
2013-03,Australia and Oceania,Offline,7222672.69,3158972.87,50484,9
2013-03,Australia and Oceania,Online,8562437.32875,3153512.349999999,29127,5
2013-03,Central America and the Caribbean,Offline,8946270.12875,2511562.44875,37904,7
2013-03,Central America and the Caribbean,Online,2293676.54,926739.2099999998,10105,2
2013-03,Europe,Offline,18775116.72,5866761.720000001,72258,13
2013-03,Europe,Online,23002227.93,7330952.26,91174,21
2013-03,Middle East and North Africa,Offline,7546901.318750001,1984544.4187499997,22970,6
2013-03,Middle East and North Africa,Online,16015853.43875,3681534.9099999997,40584,11
2013-03,Sub-Saharan Africa,Offline,22838420.24,7355151.7387500005,103464,17
2013-03,Sub-Saharan Africa,Online,12835602.28875,4597310.54875,57742,12
2013-04,Asia,Offline,9850590.95875,2958756.8299999996,39290,10
2013-04,Asia,Online,944658.02,320875.32000000007,15690,3
2013-04,Australia and Oceania,Offline,4196193.73,1412013.9800000002,9394,3
2013-04,Australia and Oceania,Online,12961702.11875,4501706.328749999,36218,7
2013-04,Central America and the Caribbean,Offline,14522801.5175,5057469.6,47220,7
2013-04,Central America and the Caribbean,Online,9337283.53875,3104656.99,32573,5
2013-04,Europe,Offline,11164434.67875,4441873.07875,54784,10
2013-04,Europe,Online,14869053.47875,4238373.99,70697,12
2013-04,Middle East and North Africa,Offline,18868241.82625,5390296.157500001,65197,10
2013-04,Middle East and North Africa,Online,6074746.35,2497065.56,26036,4
2013-04,North America,Online,830645.52,300182.16000000003,5444,1
2013-04,Sub-Saharan Africa,Offline,12874777.85,4801318.65875,92382,16
2013-04,Sub-Saharan Africa,Online,21700416.00625,6780379.45875,85004,14
2013-05,Asia,Offline,16875405.3275,5313569.44875,58279,11
2013-05,Asia,Online,7924872.82,2214578.60875,25586,6
2013-05,Australia and Oceania,Offline,6366715.17,1615579.3399999996,39079,6
2013-05,Australia and Oceania,Online,5287966.29,1203660.4900000002,24177,4
2013-05,Central America and the Caribbean,Offline,14225759.557500001,3881538.1987499995,46869,6
2013-05,Central America and the Caribbean,Online,6622263.69,1699988.4199999997,25480,6
2013-05,Europe,Offline,32543140.565,10514528.547500001,108072,20
2013-05,Europe,Online,22932228.15625,5916381.779999999,60510,13
2013-05,Middle East and North Africa,Offline,15019605.9875,3772131.59875,37132,9
2013-05,Middle East and North Africa,Online,10552408.59875,3802459.96,39367,6
2013-05,North America,Offline,237155.1,78268.68000000002,4998,1
2013-05,Sub-Saharan Africa,Offline,21181349.82875,6807223.42875,89251,15
2013-05,Sub-Saharan Africa,Online,16398569.7675,6203701.4375,77918,15
2013-06,Asia,Offline,9925532.97875,3840174.5787500003,39794,9
2013-06,Asia,Online,9570163.3,2828593.3900000006,50016,7
2013-06,Australia and Oceania,Offline,8703519.8175,2351114.7887500003,26692,3
2013-06,Australia and Oceania,Online,3447815.42,493224.1900000003,7972,2
2013-06,Central America and the Caribbean,Offline,796252.0,478255.98,5864,2
2013-06,Central America and the Caribbean,Online,10177871.11,4117526.45,60662,12
2013-06,Europe,Offline,20096089.618750002,5870038.93,71733,16
2013-06,Europe,Online,11292753.91,3145609.68,58629,14
2013-06,Middle East and North Africa,Offline,15021600.4,4378164.65875,77896,12
2013-06,Middle East and North Africa,Online,9584476.16875,2545187.8000000003,29197,5
2013-06,North America,Offline,957897.24,346168.92000000016,6278,1
2013-06,Sub-Saharan Africa,Offline,15207703.77,5936648.7875,65183,15
2013-06,Sub-Saharan Africa,Online,17316760.39875,4959917.42875,64991,12
2013-07,Asia,Offline,4523531.8,2013732.54,22462,4
2013-07,Asia,Online,1638655.25,452089.50000000006,23360,6
2013-07,Australia and Oceania,Offline,7945354.55,2840647.9399999995,39032,7
2013-07,Australia and Oceania,Online,5713270.67,2156077.8500000006,34079,8
2013-07,Central America and the Caribbean,Offline,5146315.86875,1370998.4999999998,24119,6
2013-07,Central America and the Caribbean,Online,13636483.04875,4207654.337499999,37932,5
2013-07,Europe,Offline,21715219.5075,7244970.258749999,68285,12
2013-07,Europe,Online,12533234.69,5243182.38,80753,14
2013-07,Middle East and North Africa,Offline,7382112.930000001,3170083.92,45562,7
2013-07,Middle East and North Africa,Online,8642600.75,3256009.6700000004,44036,8
2013-07,North America,Offline,4902986.08,1419148.94,11195,2
2013-07,Sub-Saharan Africa,Offline,10957255.71875,3520574.6287499997,49230,10
2013-07,Sub-Saharan Africa,Online,19338354.93875,5792617.9475,61602,15
2013-08,Asia,Offline,14522738.528749999,4218211.748749999,40117,11
2013-08,Asia,Online,15267210.67,4031582.62,47568,9
2013-08,Australia and Oceania,Offline,2409440.67,706022.4199999999,8007,4
2013-08,Australia and Oceania,Online,6719027.28,1830213.0799999996,36007,5
2013-08,Central America and the Caribbean,Offline,5611970.6,1718356.0999999996,21197,4
2013-08,Central America and the Caribbean,Online,9397837.48,2690720.95,40929,8
2013-08,Europe,Offline,25460296.16875,7423649.6475,87233,20
2013-08,Europe,Online,22789314.61,7852542.578749999,88048,19
2013-08,Middle East and North Africa,Offline,10753219.83,3424989.2899999996,39557,9
2013-08,Middle East and North Africa,Online,11643143.04,4085079.1500000004,47321,13
2013-08,Sub-Saharan Africa,Offline,10602014.09875,3841988.47875,42474,8
2013-08,Sub-Saharan Africa,Online,20243195.00875,5943731.779999999,93774,17
2013-09,Asia,Offline,12068270.09,3560995.03,36332,9
2013-09,Asia,Online,12711887.84,4111565.5387500003,47514,8
2013-09,Australia and Oceania,Offline,8519921.6,2351559.93,28308,5
2013-09,Australia and Oceania,Online,9200485.09,2615174.3787499997,22841,5
2013-09,Central America and the Caribbean,Offline,3978499.1599999997,1598530.15,14777,3
2013-09,Central America and the Caribbean,Online,7032943.75,2120140.06,29695,5
2013-09,Europe,Offline,32511106.2075,9890427.01625,94777,19
2013-09,Europe,Online,15559940.60875,4750841.93,63749,14
2013-09,Middle East and North Africa,Offline,10129085.088750001,2685232.15875,36981,8
2013-09,Middle East and North Africa,Online,4742184.43,1117683.1099999996,33771,4
2013-09,North America,Online,2017138.49,694629.1299999999,7361,2
2013-09,Sub-Saharan Africa,Offline,9764504.04,3097387.09,34802,6
2013-09,Sub-Saharan Africa,Online,16517693.51875,4775395.42,65800,13
2013-10,Asia,Offline,857343.9,351318.45,5565,1
2013-10,Asia,Online,9492297.42,3753354.95875,56059,7
2013-10,Australia and Oceania,Offline,1582026.42,499353.46000000014,9542,3
2013-10,Australia and Oceania,Online,3153544.03,965890.8399999999,18533,4
2013-10,Central America and the Caribbean,Offline,7584690.03875,2270840.19,27403,6
2013-10,Central America and the Caribbean,Online,6273435.13875,2028238.63,27597,5
2013-10,Europe,Offline,26221064.1875,8130289.41625,101620,23
2013-10,Europe,Online,15511967.348749999,4998915.2775,55885,13
2013-10,Middle East and North Africa,Offline,6759126.57875,2477312.77875,42038,5
2013-10,Middle East and North Africa,Online,13619713.908750001,3861545.6587499995,53376,11
2013-10,North America,Offline,4282531.86875,1156571.9299999995,7287,3
2013-10,Sub-Saharan Africa,Offline,13856638.440000001,4934103.63,86566,15
2013-10,Sub-Saharan Africa,Online,5891901.82,2116570.4400000004,46061,13
2013-11,Asia,Offline,15374565.85875,5090249.2700000005,62269,10
2013-11,Asia,Online,8518891.68,3313878.4699999997,26431,6
2013-11,Australia and Oceania,Offline,11863376.57,3259038.89875,49492,6
2013-11,Australia and Oceania,Online,3698994.8400000003,1481866.2600000002,23491,6
2013-11,Central America and the Caribbean,Offline,3815883.33,1284368.6700000002,13427,5
2013-11,Central America and the Caribbean,Online,14831302.6,3570566.1599999997,44730,7
2013-11,Europe,Offline,24333996.50625,7150552.17,77436,15
2013-11,Europe,Online,16597812.16875,5572976.180000001,85282,14
2013-11,Middle East and North Africa,Offline,840158.3,231057.32000000012,4156,3
2013-11,Middle East and North Africa,Online,9499744.66,2672524.5200000005,36423,8
2013-11,North America,Online,4704305.15875,1449245.6587500002,15916,2
2013-11,Sub-Saharan Africa,Offline,31075700.52625,8774231.168750001,99851,19
2013-11,Sub-Saharan Africa,Online,15889720.739999998,5323950.788749999,52840,9
2013-12,Asia,Offline,9603441.80875,3421831.11,37147,8
2013-12,Asia,Online,13355729.22,3319354.71875,40128,6
2013-12,Australia and Oceania,Offline,6763756.32,2392369.92875,23637,3
2013-12,Australia and Oceania,Online,8210285.26,1708398.15,23230,4
2013-12,Central America and the Caribbean,Offline,10324404.18875,2717326.24,26135,6
2013-12,Central America and the Caribbean,Online,8559255.27875,2233507.5,35992,7
2013-12,Europe,Offline,10784721.98,4530270.050000001,67493,13
2013-12,Europe,Online,14240951.06,4585537.93,50570,11
2013-12,Middle East and North Africa,Offline,8934496.36,2966214.68,38338,7
2013-12,Middle East and North Africa,Online,8249182.7700000005,2911401.15,47382,9
2013-12,North America,Offline,3821479.62,518117.5999999996,9058,1
2013-12,North America,Online,647046.88,434838.24,5921,1
2013-12,Sub-Saharan Africa,Offline,23738206.1375,6952152.4,107142,20
2013-12,Sub-Saharan Africa,Online,16034642.34,4842266.68,84921,16
2014-01,Asia,Offline,8032898.1899999995,3068003.69,49693,8
2014-01,Asia,Online,7427345.69875,2293252.6,53565,9
2014-01,Australia and Oceania,Offline,2194295.54,779322.18,14655,5
2014-01,Australia and Oceania,Online,672317.84,275499.31999999995,4364,1
2014-01,Central America and the Caribbean,Offline,3903631.68,1125288.02,23536,6
2014-01,Central America and the Caribbean,Online,14987366.68875,4860710.25,59506,7
2014-01,Europe,Offline,27205428.82875,7797772.04875,96998,18
2014-01,Europe,Online,9455305.67,3004102.16875,39585,11
2014-01,Middle East and North Africa,Offline,10064578.93875,3583351.5787500003,41135,8
2014-01,Middle East and North Africa,Online,5588493.37875,1796253.0100000002,18610,4
2014-01,Sub-Saharan Africa,Offline,17050304.62875,5139178.5200000005,82800,21
2014-01,Sub-Saharan Africa,Online,16966490.81875,5438243.78,84564,14
2014-02,Asia,Offline,5788887.62,2051122.37,29706,5
2014-02,Asia,Online,12664838.807500001,4141293.69875,39464,8
2014-02,Australia and Oceania,Offline,11085067.670000002,3160920.49,39229,8
2014-02,Australia and Oceania,Online,8996668.998750001,3180522.83875,29065,5
2014-02,Central America and the Caribbean,Offline,5724335.91,1722643.3899999997,22116,5
2014-02,Central America and the Caribbean,Online,10453733.22875,3333374.16875,39567,8
2014-02,Europe,Offline,6050191.76,2125429.04,32345,9
2014-02,Europe,Online,25670529.9475,6984616.04875,73119,13
2014-02,Middle East and North Africa,Offline,8096986.62,1846015.7400000002,31995,6
2014-02,Middle East and North Africa,Online,9426632.18875,2840670.16875,23691,5
2014-02,North America,Offline,4115031.85875,1268563.05875,9288,1
2014-02,North America,Online,1424758.69,828917.22,14123,2
2014-02,Sub-Saharan Africa,Offline,22145708.5375,5107606.0,91514,17
2014-02,Sub-Saharan Africa,Online,25511896.1475,7285124.43,83057,18
2014-03,Asia,Offline,13894663.01875,4920526.739999999,47811,9
2014-03,Asia,Online,10788832.508750001,3060900.93,26287,6
2014-03,Australia and Oceania,Offline,5956687.66,1990344.6199999996,41685,7
2014-03,Australia and Oceania,Online,6971856.35,2325413.8200000003,28170,5
2014-03,Central America and the Caribbean,Offline,4922578.970000001,1989874.1,36941,6
2014-03,Central America and the Caribbean,Online,6124145.71,2147395.4299999997,23202,6
2014-03,Europe,Offline,21215349.5275,6774043.0275,75112,12
2014-03,Europe,Online,11557001.338750001,3387821.2600000002,57593,13
2014-03,Middle East and North Africa,Offline,11622132.51875,3220280.7287500002,37037,9
2014-03,Middle East and North Africa,Online,19715749.4975,4576557.31,39373,7
2014-03,North America,Offline,1284723.6,464278.80000000016,8420,1
2014-03,North America,Online,5673244.18,1921837.79875,14863,3
2014-03,Sub-Saharan Africa,Offline,11306146.09875,3855991.25875,41366,12
2014-03,Sub-Saharan Africa,Online,16244614.477500001,4765694.350000001,74122,15
2014-04,Asia,Offline,10302113.36875,3746791.10875,33199,8
2014-04,Asia,Online,9310888.63875,2519273.2199999997,27693,8
2014-04,Australia and Oceania,Offline,3035391.2399999998,1241681.26,16970,3
2014-04,Australia and Oceania,Online,4681925.9799999995,2217187.02,28019,5
2014-04,Central America and the Caribbean,Offline,4123031.09,1003060.29,22621,5
2014-04,Central America and the Caribbean,Online,5587917.818750001,1780043.3987500002,37502,6
2014-04,Europe,Offline,26925716.7275,8524900.32,101217,20
2014-04,Europe,Online,13974965.64,3680748.84,55196,11
2014-04,Middle East and North Africa,Offline,3125987.59,1120309.9,20025,6
2014-04,Middle East and North Africa,Online,12870871.86,2977591.6399999997,44215,7
2014-04,North America,Offline,1352574.28,321495.20000000007,11172,2
2014-04,North America,Online,4115031.85875,1268563.05875,9699,1
2014-04,Sub-Saharan Africa,Offline,15690697.2875,5040225.39875,74790,17
2014-04,Sub-Saharan Africa,Online,18642773.76,6771961.7700000005,93661,17
2014-05,Asia,Offline,2510508.88,962144.64,10184,3
2014-05,Asia,Online,8098822.67875,3087983.50875,31870,4
2014-05,Australia and Oceania,Offline,8334019.36,3072942.46875,25705,5
2014-05,Australia and Oceania,Online,6648768.62,2492255.65,27354,6
2014-05,Central America and the Caribbean,Offline,3905646.67,1068251.5300000003,20658,5
2014-05,Central America and the Caribbean,Online,6979871.14,1356375.19,19318,3
2014-05,Europe,Offline,19362505.57875,5446503.82875,76144,14
2014-05,Europe,Online,16417686.26,5339156.129999999,53290,12
2014-05,Middle East and North Africa,Offline,11013481.42875,3351441.1987500004,53764,11
2014-05,Middle East and North Africa,Online,6554955.79,2319854.5799999996,33989,6
2014-05,North America,Offline,1680973.3599999999,863751.3600000001,17627,2
2014-05,North America,Online,5948803.35,1153293.75,9135,2
2014-05,Sub-Saharan Africa,Offline,28288033.517500002,8567096.56625,81431,16
2014-05,Sub-Saharan Africa,Online,9937784.44,3345321.49875,53059,13
2014-06,Asia,Offline,23961662.865000002,6515812.859999999,51662,9
2014-06,Asia,Online,18481622.91,5618947.66,83604,15
2014-06,Australia and Oceania,Offline,5394192.03875,1617872.14,16966,2
2014-06,Australia and Oceania,Online,10501819.97875,3709134.3775000004,35198,6
2014-06,Central America and the Caribbean,Offline,6100464.108750001,1725480.8399999999,19609,3
2014-06,Central America and the Caribbean,Online,7793309.33875,1937918.7199999997,18966,3
2014-06,Europe,Offline,13449768.9975,4226298.53875,41707,8
2014-06,Europe,Online,4213994.84,1611760.8800000001,33925,8
2014-06,Middle East and North Africa,Offline,11441261.459999999,3561201.00875,61781,9
2014-06,Middle East and North Africa,Online,3096287.5,1246577.5899999999,13519,3
2014-06,North America,Offline,224902.92,81276.36000000002,1474,1
2014-06,North America,Online,273122.2,90138.96000000002,5756,1
2014-06,Sub-Saharan Africa,Offline,30626822.455,8395653.598749999,99288,16
2014-06,Sub-Saharan Africa,Online,22728265.89875,5907563.4399999995,66011,13
2014-07,Asia,Offline,11624414.39875,3086981.12,35065,9
2014-07,Asia,Online,7178899.30875,2333640.5300000003,45174,8
2014-07,Australia and Oceania,Offline,1147532.23,453146.43999999994,10573,2
2014-07,Australia and Oceania,Online,4037164.3899999997,1115788.39,17342,4
2014-07,Central America and the Caribbean,Offline,12498112.3775,3550386.9787499993,31179,7
2014-07,Central America and the Caribbean,Online,9386070.280000001,2743626.6300000004,31139,6
2014-07,Europe,Offline,18991686.50875,5101092.29,57181,13
2014-07,Europe,Online,18011093.83875,4561707.85,61606,14
2014-07,Middle East and North Africa,Offline,321638.32,209112.42,2819,2
2014-07,Middle East and North Africa,Online,14215228.13,3870579.4200000004,52648,10
2014-07,North America,Online,4493108.45875,1288963.769999999,8633,2
2014-07,Sub-Saharan Africa,Offline,28236573.58875,10070539.69,106133,19
2014-07,Sub-Saharan Africa,Online,15973038.51875,4979747.688750001,67559,13
2014-08,Asia,Offline,10878367.290000001,2798292.93,41713,8
2014-08,Asia,Online,11111307.45,3171724.0100000002,52343,10
2014-08,Australia and Oceania,Offline,5340129.00875,1662572.2687500003,14474,4
2014-08,Australia and Oceania,Online,5709200.05,2086337.38875,29830,7
2014-08,Central America and the Caribbean,Offline,3103493.0300000003,675396.6700000002,6903,3
2014-08,Central America and the Caribbean,Online,1153045.69,427121.43000000017,9678,2
2014-08,Europe,Offline,22965617.4975,7173173.97875,90801,21
2014-08,Europe,Online,18247672.8075,5463833.64,72633,16
2014-08,Middle East and North Africa,Offline,15160423.59875,3524903.12,48760,8
2014-08,Middle East and North Africa,Online,4447903.96,1729999.2200000002,13846,4
2014-08,North America,Offline,399659.7,122543.40000000002,4890,1
2014-08,Sub-Saharan Africa,Offline,17726389.728749998,5162973.31,98635,17
2014-08,Sub-Saharan Africa,Online,14539981.64,3826250.1799999997,66747,15
2014-09,Asia,Offline,9290225.31,3480259.7100000004,45424,7
2014-09,Asia,Online,8756386.04875,3129286.2800000003,50836,7
2014-09,Australia and Oceania,Offline,2154172.34,772746.9500000002,16677,3
2014-09,Australia and Oceania,Online,12673219.19875,3927215.0487500005,46992,8
2014-09,Central America and the Caribbean,Offline,8793389.62875,2492444.8999999994,23239,5
2014-09,Central America and the Caribbean,Online,6818878.82,2022452.1000000003,35183,7
2014-09,Europe,Offline,12247689.96,5127206.29,79799,14
2014-09,Europe,Online,11780791.67,3733184.25,59553,12
2014-09,Middle East and North Africa,Offline,5976067.62,1971638.29,30800,5
2014-09,Middle East and North Africa,Online,12791810.24875,3936732.7800000003,38963,9
2014-09,North America,Offline,7829566.6587499995,2718786.8287500003,20077,3
2014-09,Sub-Saharan Africa,Offline,16777083.07625,5322802.46875,51625,10
2014-09,Sub-Saharan Africa,Online,9614743.62875,3509260.80875,44917,10
2014-10,Asia,Offline,3816801.44,1642169.68,24053,5
2014-10,Asia,Online,10107620.4,2761005.53,37387,6
2014-10,Australia and Oceania,Offline,9917.05,3272.9400000000014,209,1
2014-10,Australia and Oceania,Online,6637708.99875,2320718.2087499998,23977,4
2014-10,Central America and the Caribbean,Offline,4722791.2700000005,1836653.6999999997,24000,5
2014-10,Central America and the Caribbean,Online,14185609.098749999,4246166.83875,45321,6
2014-10,Europe,Offline,28513455.785,8581132.688749999,95533,18
2014-10,Europe,Online,10090428.74,3635606.0300000003,43487,14
2014-10,Middle East and North Africa,Offline,20321642.49625,5373815.14875,51160,9
2014-10,Middle East and North Africa,Online,7464303.6,3006706.24,35147,7
2014-10,North America,Offline,9567383.13875,2564487.3987499997,24311,3
2014-10,North America,Online,2315735.6,898539.5800000002,9567,2
2014-10,Sub-Saharan Africa,Offline,28480235.6675,7741219.589999999,108112,19
2014-10,Sub-Saharan Africa,Online,21807403.62875,7112386.32875,106124,20
2014-11,Asia,Offline,9715862.04,2937399.4800000004,42806,7
2014-11,Asia,Online,9694930.8,2320457.87,33194,8
2014-11,Australia and Oceania,Offline,3574989.84,1067629.74,16795,3
2014-11,Australia and Oceania,Online,9655540.028749999,3290705.1399999997,35272,6
2014-11,Central America and the Caribbean,Offline,9792627.48875,2904912.9899999998,34828,6
2014-11,Central America and the Caribbean,Online,2367498.36,907050.3800000002,12355,6
2014-11,Europe,Offline,26080360.65875,6686988.559999999,88869,16
2014-11,Europe,Online,15352501.9575,4528713.82,64580,15
2014-11,Middle East and North Africa,Offline,3386174.8400000003,1714343.3800000001,51206,8
2014-11,Middle East and North Africa,Online,3674656.5300000003,715292.73,10377,2
2014-11,North America,Offline,1034589.0800000001,435977.86999999994,10725,2
2014-11,North America,Online,2001874.6799999997,742183.2099999998,8047,2
2014-11,Sub-Saharan Africa,Offline,14955013.53875,5441312.9675,58282,10
2014-11,Sub-Saharan Africa,Online,36523252.5775,9328927.90875,95003,17
2014-12,Asia,Offline,17388334.317500003,5504072.91875,58222,10
2014-12,Asia,Online,15532297.28875,5121509.66,53911,10
2014-12,Australia and Oceania,Offline,5234876.65,1544173.52,21604,4
2014-12,Australia and Oceania,Online,2609384.05,880202.8899999999,8127,3
2014-12,Central America and the Caribbean,Offline,5468242.699999999,1965183.5200000003,30063,6
2014-12,Central America and the Caribbean,Online,10445697.14,3626344.7899999996,38697,8
2014-12,Europe,Offline,12200813.99,4849664.260000001,79500,12
2014-12,Europe,Online,7037668.52,2810716.91,56659,12
2014-12,Middle East and North Africa,Offline,12883764.92,4088330.8087499994,55169,13
2014-12,Middle East and North Africa,Online,19943237.48875,6459326.19875,67752,11
2014-12,North America,Offline,4197923.6899999995,1074174.6699999997,7758,2
2014-12,North America,Online,1008148.96,441336.48000000004,5057,2
2014-12,Sub-Saharan Africa,Offline,23672578.298750002,7515332.89875,93368,20
2014-12,Sub-Saharan Africa,Online,16489854.42,5558398.84,63866,16
2015-01,Asia,Offline,7524842.59,2692065.0100000002,46756,10
2015-01,Asia,Online,10302220.65,2545928.5799999996,41192,8
2015-01,Australia and Oceania,Offline,2172863.46,636454.1799999999,11504,3
2015-01,Australia and Oceania,Online,3589865.34,1118379.02,29476,6
2015-01,Central America and the Caribbean,Offline,6149969.24875,1937226.89875,21854,6
2015-01,Central America and the Caribbean,Online,7123790.32,2429173.2300000004,27231,6
2015-01,Europe,Offline,23565464.99875,7669074.9487499995,97188,23
2015-01,Europe,Online,25579768.09625,6881062.08875,74054,17
2015-01,Middle East and North Africa,Offline,11281097.53,4220839.4275,40937,9
2015-01,Middle East and North Africa,Online,8567761.97,2378394.4987500003,23760,5
2015-01,North America,Offline,303394.58,75241.42000000001,454,1
2015-01,Sub-Saharan Africa,Offline,9132237.83,3165779.18,52095,12
2015-01,Sub-Saharan Africa,Online,13325216.01,4269429.598750001,57060,14
2015-02,Asia,Offline,8762847.69875,2010525.73875,34926,5
2015-02,Asia,Online,4850005.6,1916922.9087500002,24485,6
2015-02,Australia and Oceania,Offline,8230063.7175,2537126.1175,18692,2
2015-02,Australia and Oceania,Online,14635910.7475,4436231.29,37177,6
2015-02,Central America and the Caribbean,Offline,3992869.5000000005,1240812.5100000002,20758,5
2015-02,Central America and the Caribbean,Online,9207274.11,3202139.0087499996,41202,6
2015-02,Europe,Offline,12522778.5,2389439.639999999,43547,8
2015-02,Europe,Online,8296607.5287500005,2436941.67,34054,7
2015-02,Middle East and North Africa,Offline,12681807.05875,4292358.46875,40883,6
2015-02,Middle East and North Africa,Online,4168218.69,1676915.7200000002,22730,6
2015-02,North America,Offline,168695.7,69127.35,1095,1
2015-02,North America,Online,5557666.65,1090886.86,21943,4
2015-02,Sub-Saharan Africa,Offline,13930000.38875,3624884.27,39966,8
2015-02,Sub-Saharan Africa,Online,15108585.1875,4471686.94,72981,15
2015-03,Asia,Offline,5127027.220000001,1815117.0200000003,23622,5
2015-03,Asia,Online,7428758.38,1718787.52,22352,4
2015-03,Australia and Oceania,Offline,5429562.92,1339621.9799999997,21550,4
2015-03,Australia and Oceania,Online,7035774.7387500005,2251702.0199999996,32277,6
2015-03,Central America and the Caribbean,Offline,11747628.84,3886742.349999999,47907,9
2015-03,Central America and the Caribbean,Online,10269687.47875,2960692.31,51409,8
2015-03,Europe,Offline,21208180.6475,6816121.048749999,117542,18
2015-03,Europe,Online,21756920.04875,5714303.7075,54178,11
2015-03,Middle East and North Africa,Offline,8572002.54,2235571.52875,44547,8
2015-03,Middle East and North Africa,Online,6722023.37,2302255.89,32067,7
2015-03,Sub-Saharan Africa,Offline,18877233.517500002,5737093.32875,61132,13
2015-03,Sub-Saharan Africa,Online,13397379.010000002,4002500.74,82698,17
2015-04,Asia,Offline,8057099.16,2569199.4700000007,32817,8
2015-04,Asia,Online,17147728.36,6302766.35875,57298,12
2015-04,Australia and Oceania,Offline,4266166.09875,1186436.0999999996,7929,2
2015-04,Australia and Oceania,Online,12230468.88875,3162447.6900000004,37340,6
2015-04,Central America and the Caribbean,Offline,7922372.71,2469714.4599999995,14854,5
2015-04,Central America and the Caribbean,Online,1305492.78,535595.6799999999,7999,3
2015-04,Europe,Offline,13490277.03875,3872443.6799999997,41113,11
2015-04,Europe,Online,25099009.0,8330065.109999999,94939,21
2015-04,Middle East and North Africa,Offline,2579699.2800000003,898623.0700000002,26345,4
2015-04,Middle East and North Africa,Online,10348529.129999999,3767351.8400000003,43641,9
2015-04,North America,Online,1900462.3,818483.0099999998,9239,1
2015-04,Sub-Saharan Africa,Offline,16947712.87,6288080.00875,83221,17
2015-04,Sub-Saharan Africa,Online,24266944.958750002,7412567.199999999,98170,19
2015-05,Asia,Offline,9638347.01875,2916134.3587499997,32045,5
2015-05,Asia,Online,20646335.33625,7150709.458749999,71100,12
2015-05,Australia and Oceania,Offline,24053108.55625,5984192.14,47946,10
2015-05,Australia and Oceania,Online,7237051.41875,2468625.20875,28939,5
2015-05,Central America and the Caribbean,Offline,21628007.065,6506034.837499999,57371,9
2015-05,Central America and the Caribbean,Online,9932328.72,3998922.63,66545,10
2015-05,Europe,Offline,18721100.1,5690645.149999999,61958,13
2015-05,Europe,Online,22936798.7775,5633844.6899999995,57708,11
2015-05,Middle East and North Africa,Offline,10320083.42,3537136.26,45049,8
2015-05,Middle East and North Africa,Online,9079515.76,2922138.3975,32368,5
2015-05,North America,Offline,5159782.15875,1430658.6099999999,12847,2
2015-05,Sub-Saharan Africa,Offline,18495268.83875,6093103.6274999995,71705,17
2015-05,Sub-Saharan Africa,Online,41556981.77375,12612314.907499999,122038,19
2015-06,Asia,Offline,7533888.42,2089858.4700000004,31092,5
2015-06,Asia,Online,10743315.49875,3444325.59875,39107,8
2015-06,Australia and Oceania,Offline,1023763.8,386990.46000000014,6294,2
2015-06,Australia and Oceania,Online,10052709.79875,2708328.3900000006,19431,5
2015-06,Central America and the Caribbean,Offline,16079087.3475,5087700.317500001,56127,10
2015-06,Central America and the Caribbean,Online,10379154.967500001,3339113.84875,25025,4
2015-06,Europe,Offline,17646632.048750002,5288344.02,79964,16
2015-06,Europe,Online,18985109.5675,4482504.838749999,59844,16
2015-06,Middle East and North Africa,Offline,6959409.09,1390549.0999999999,14609,4
2015-06,Middle East and North Africa,Online,11682528.9075,3804335.0475000003,50855,9
2015-06,Sub-Saharan Africa,Offline,6858234.75,1612070.3299999996,49315,8
2015-06,Sub-Saharan Africa,Online,34469472.8875,10150686.969999999,141459,22
2015-07,Asia,Offline,6178346.24875,1998915.93875,29149,5
2015-07,Asia,Online,4539175.58,1138485.2000000002,23072,5
2015-07,Australia and Oceania,Offline,4153273.87,1451560.6399999997,13181,6
2015-07,Australia and Oceania,Online,5588405.92,1715957.8099999998,19452,5
2015-07,Central America and the Caribbean,Offline,7775341.7,3036724.3300000005,37512,6
2015-07,Central America and the Caribbean,Online,18229150.91875,5182867.56875,41105,9
2015-07,Europe,Offline,20731302.798750002,7526950.6975,82870,16
2015-07,Europe,Online,13300269.98,4303154.84,83599,15
2015-07,Middle East and North Africa,Offline,3350678.75,838395.5200000001,16488,3
2015-07,Middle East and North Africa,Online,28374158.3475,9238655.36875,105869,20
2015-07,North America,Offline,2608453.67,971569.49,17204,2
2015-07,North America,Online,6703299.62875,1949277.78875,27748,4
2015-07,Sub-Saharan Africa,Offline,24507807.43875,6932845.21,78801,20
2015-07,Sub-Saharan Africa,Online,24629773.88,7534660.318750001,102659,17
2015-08,Asia,Offline,8819325.190000001,2704961.46,22484,7
2015-08,Asia,Online,19913276.997500002,6749493.79875,84893,15
2015-08,Australia and Oceania,Offline,9994594.908750001,2264763.39875,27901,4
2015-08,Australia and Oceania,Online,6643958.86875,2116053.13,25586,4
2015-08,Central America and the Caribbean,Offline,6195128.97875,2050236.10875,19177,5
2015-08,Central America and the Caribbean,Online,8874435.28,2630550.4987500003,30724,5
2015-08,Europe,Offline,10388346.3,3740906.32,65218,11
2015-08,Europe,Online,18581491.66875,5317212.78875,61288,14
2015-08,Middle East and North Africa,Offline,7837240.59,3162115.43,41170,10
2015-08,Middle East and North Africa,Online,17025381.6975,4967646.73,57702,11
2015-08,North America,Offline,488562.28,173253.06,4733,2
2015-08,North America,Online,1615296.58,602890.5700000001,10561,3
2015-08,Sub-Saharan Africa,Offline,19963670.1375,5171816.10875,57134,11
2015-08,Sub-Saharan Africa,Online,12652880.09875,3482506.59,54319,13
2015-09,Asia,Offline,1080884.96,442920.08,7016,1
2015-09,Asia,Online,18183417.16,4584060.87,69582,14
2015-09,Australia and Oceania,Offline,2844753.6999999997,1039746.23,6169,2
2015-09,Australia and Oceania,Online,5877469.45875,1771942.8699999999,16591,2
2015-09,Central America and the Caribbean,Offline,12678270.797500001,3042419.9399999995,37224,8
2015-09,Central America and the Caribbean,Online,1971833.2600000002,699116.9400000002,19163,4
2015-09,Europe,Offline,13057231.31,3471201.5600000005,61918,13
2015-09,Europe,Online,24208824.86875,7469761.52875,105865,21
2015-09,Middle East and North Africa,Offline,5255918.35,1627538.3599999996,27868,6
2015-09,Middle East and North Africa,Online,9005391.18,3083618.6575,27050,4
2015-09,North America,Offline,3212153.8000000003,1247147.7700000003,15759,2
2015-09,Sub-Saharan Africa,Offline,6815750.35,2293111.7100000004,29246,7
2015-09,Sub-Saharan Africa,Online,11768503.98,4115118.2600000002,80736,16
2015-10,Asia,Offline,6329768.64,1580268.3100000003,23615,4
2015-10,Asia,Online,9584081.94,4126732.1700000004,43008,10
2015-10,Australia and Oceania,Offline,3315231.99,1690144.8900000001,27540,5
2015-10,Australia and Oceania,Online,1902583.23,665791.3499999999,8835,2
2015-10,Central America and the Caribbean,Offline,10846153.49,2551004.2600000002,35320,5
2015-10,Central America and the Caribbean,Online,621595.0,205146.0000000001,13100,2
2015-10,Europe,Offline,10605614.25,4090347.4687499995,53249,11
2015-10,Europe,Online,19613702.37875,6328844.72875,69089,16
2015-10,Middle East and North Africa,Offline,17158712.4175,5371064.7675,53801,10
2015-10,Middle East and North Africa,Online,7012073.6,3003733.3600000003,31670,6
2015-10,North America,Offline,3096662.1999999997,1167648.53,14059,2
2015-10,Sub-Saharan Africa,Offline,19182263.78875,6705574.6987499995,70261,16
2015-10,Sub-Saharan Africa,Online,13226152.1675,3932911.5999999987,59920,12
2015-11,Asia,Offline,15837205.6275,4395806.97,44109,11
2015-11,Asia,Online,15499177.13875,4449302.87875,59091,11
2015-11,Australia and Oceania,Offline,7811023.859999999,2433557.33,30905,6
2015-11,Australia and Oceania,Online,1576022.46,589486.2200000002,8222,2
2015-11,Central America and the Caribbean,Offline,6599898.66,2487416.8200000003,29360,6
2015-11,Central America and the Caribbean,Online,4634247.720000001,1686109.4800000002,30926,6
2015-11,Europe,Offline,9277551.85,3047561.79,46684,9
2015-11,Europe,Online,24405601.72875,7338074.947500001,102135,19
2015-11,Middle East and North Africa,Offline,2046932.3099999998,778276.3000000002,22534,3
2015-11,Middle East and North Africa,Online,7761338.59,2585674.1500000004,57674,9
2015-11,North America,Offline,3168787.8600000003,614332.5,4866,1
2015-11,North America,Online,40701.54,12479.88,498,1
2015-11,Sub-Saharan Africa,Offline,17516645.30875,5075621.12,74117,12
2015-11,Sub-Saharan Africa,Online,16902931.5675,4661676.61,60370,13
2015-12,Asia,Offline,8102177.66,1342811.1399999997,18251,7
2015-12,Asia,Online,9813426.81875,2969277.6500000004,46559,10
2015-12,Australia and Oceania,Offline,6210330.06,2002731.1199999999,31785,6
2015-12,Australia and Oceania,Online,5108144.26,2196319.9699999997,20393,7
2015-12,Central America and the Caribbean,Offline,632345.01,193889.21999999997,7737,1
2015-12,Central America and the Caribbean,Online,8433027.60875,2205006.55875,30210,6
2015-12,Europe,Offline,39546924.82625,11338093.98,122061,23
2015-12,Europe,Online,24834118.19875,9257606.4775,100263,19
2015-12,Middle East and North Africa,Offline,2498192.61,715957.75,10762,4
2015-12,Middle East and North Africa,Online,7175150.598750001,2531379.7700000005,32054,7
2015-12,North America,Online,224058.9,73946.52000000002,4722,1
2015-12,Sub-Saharan Africa,Offline,20004876.68875,6337675.588749999,84085,19
2015-12,Sub-Saharan Africa,Online,23782523.475,7293688.5975,76653,15
2016-01,Asia,Offline,12729232.33,3796094.5900000003,67010,10
2016-01,Asia,Online,4663254.42,857338.1799999999,21010,6
2016-01,Australia and Oceania,Offline,9257389.408750001,2144260.0800000005,31392,7
2016-01,Australia and Oceania,Online,8580346.35875,2962249.29,31160,8
2016-01,Central America and the Caribbean,Offline,5517305.27,1546712.3299999996,21874,5
2016-01,Central America and the Caribbean,Online,1477888.75,587346.47,3490,2
2016-01,Europe,Offline,20856344.4375,6431154.44875,76421,17
2016-01,Europe,Online,20019501.5975,6354648.15875,59153,10
2016-01,Middle East and North Africa,Offline,13741906.28875,3166807.6199999996,36650,7
2016-01,Middle East and North Africa,Online,12618012.26875,4230497.029999999,34958,7
2016-01,North America,Offline,5924096.17875,1513836.65875,12014,2
2016-01,North America,Online,18622.68,4810.360000000001,1996,1
2016-01,Sub-Saharan Africa,Offline,10744361.88,3852210.8100000005,64475,12
2016-01,Sub-Saharan Africa,Online,16310275.709999999,5868356.959999999,83813,14
2016-02,Asia,Offline,1832983.4300000002,944391.97,20190,5
2016-02,Asia,Online,17729256.20625,4441599.758749999,49674,9
2016-02,Central America and the Caribbean,Offline,7063042.7,2233634.67,27777,7
2016-02,Central America and the Caribbean,Online,2851118.3099999996,1073991.1099999999,13149,3
2016-02,Europe,Offline,3182391.6199999996,1197914.8699999999,34031,8
2016-02,Europe,Online,21783369.72,7011757.2,80710,20
2016-02,Middle East and North Africa,Offline,4348450.62,1560431.0300000003,31040,7
2016-02,Middle East and North Africa,Online,14665863.3275,4846590.14875,58918,11
2016-02,North America,Offline,1276400.0,479300.0000000001,5000,1
2016-02,North America,Online,113214.36000000002,40913.88000000002,742,1
2016-02,Sub-Saharan Africa,Offline,17218408.69,5158089.58875,67211,12
2016-02,Sub-Saharan Africa,Online,29667767.4475,8457621.4975,101210,18
2016-03,Asia,Offline,20714369.78875,7050671.35625,74743,12
2016-03,Asia,Online,13372085.93875,4640728.6775,62748,12
2016-03,Australia and Oceania,Offline,2769818.21,1168329.81,19987,4
2016-03,Australia and Oceania,Online,10935207.77,4566959.938750001,53338,11
2016-03,Central America and the Caribbean,Offline,11094796.07,3657902.6999999997,61005,11
2016-03,Central America and the Caribbean,Online,4100881.26,966025.05,25251,6
2016-03,Europe,Offline,31339512.626250003,9042767.998750001,105639,21
2016-03,Europe,Online,16779446.06875,4850162.33,70073,15
2016-03,Middle East and North Africa,Offline,12274987.06,4265217.62875,55377,9
2016-03,Middle East and North Africa,Online,2952265.62,952747.5899999999,13093,4
2016-03,North America,Offline,4115031.85875,1268563.05875,9537,1
2016-03,North America,Online,735020.26,301193.23,4771,1
2016-03,Sub-Saharan Africa,Offline,13255982.24,3901746.48,61712,13
2016-03,Sub-Saharan Africa,Online,19803017.11,6408365.6675,75298,15
2016-04,Asia,Offline,6453328.430000001,1599062.0999999999,25080,8
2016-04,Asia,Online,13575865.7975,4126007.4087500004,46566,10
2016-04,Australia and Oceania,Offline,10045571.98,3849568.0787500003,41295,6
2016-04,Australia and Oceania,Online,4243003.52,1290009.6900000002,20499,4
2016-04,Central America and the Caribbean,Offline,1131862.6800000002,630492.46,7276,3
2016-04,Central America and the Caribbean,Online,2597141.58,686810.2399999999,13146,3
2016-04,Europe,Offline,19955876.91875,6134592.40875,102942,16
2016-04,Europe,Online,9457078.07,3295664.97,45941,11
2016-04,Middle East and North Africa,Offline,12545204.38875,3597551.08,56280,11
2016-04,Middle East and North Africa,Online,4797990.18,1552182.12,27819,5
2016-04,North America,Offline,4149726.52,861999.6000000001,16550,3
2016-04,North America,Online,706059.0700000001,180972.59000000003,7411,2
2016-04,Sub-Saharan Africa,Offline,27366700.49625,7022868.217499999,74288,12
2016-04,Sub-Saharan Africa,Online,13322039.96875,3664060.5999999996,50463,11
2016-05,Asia,Offline,5509399.84,1899257.3600000003,22815,6
2016-05,Asia,Online,9155256.08875,3168765.5,51744,9
2016-05,Australia and Oceania,Offline,6369501.32,1491301.54,28494,5
2016-05,Australia and Oceania,Online,8787636.11,2970756.2387499996,36482,7
2016-05,Central America and the Caribbean,Offline,8002963.85,2531463.63,46623,9
2016-05,Central America and the Caribbean,Online,10822015.790000001,2867380.7700000005,39194,9
2016-05,Europe,Offline,6183529.88,2362934.34,40650,10
2016-05,Europe,Online,26129142.09875,8611134.81875,103298,19
2016-05,Middle East and North Africa,Offline,12209238.07,3622486.0100000002,35911,9
2016-05,Middle East and North Africa,Online,304637.65,95614.78000000003,12333,2
2016-05,North America,Offline,112133.56,34382.32000000001,1372,1
2016-05,Sub-Saharan Africa,Offline,18357691.79875,6347625.82875,66087,16
2016-05,Sub-Saharan Africa,Online,13536347.65,4706768.72,70698,14
2016-06,Asia,Offline,5325530.98,2135488.1900000004,23336,4
2016-06,Asia,Online,11664854.16875,4044284.41875,35025,8
2016-06,Australia and Oceania,Offline,8732794.16,1780238.58,23363,7
2016-06,Australia and Oceania,Online,2367408.11,1147039.05,16385,4
2016-06,Central America and the Caribbean,Offline,22338910.92875,6305817.05,80003,12
2016-06,Central America and the Caribbean,Online,4028647.38,1509775.8500000003,20831,5
2016-06,Europe,Offline,11152611.96,3858247.5287500005,39977,9
2016-06,Europe,Online,10293910.11,2923432.1,39795,9
2016-06,Middle East and North Africa,Offline,6198179.40875,2325496.7887500003,31594,6
2016-06,Middle East and North Africa,Online,12560869.80875,3510351.5,50879,7
2016-06,Sub-Saharan Africa,Offline,26893022.46875,7965577.058750001,88309,18
2016-06,Sub-Saharan Africa,Online,14815950.56,4481886.31,62234,14
2016-07,Asia,Offline,17790031.9475,4931999.199999999,43477,10
2016-07,Asia,Online,14481544.48875,3409847.5999999996,43940,9
2016-07,Australia and Oceania,Offline,8887766.04,3521545.1975000002,30214,5
2016-07,Australia and Oceania,Online,7187401.069999999,1814922.55,39886,7
2016-07,Central America and the Caribbean,Offline,6923291.81,1446326.8400000003,33159,6
2016-07,Central America and the Caribbean,Online,7889008.2387500005,2816029.5599999996,28538,6
2016-07,Europe,Offline,19601519.5675,6876297.430000001,87447,15
2016-07,Europe,Online,19055370.78,4960475.1,80747,16
2016-07,Middle East and North Africa,Offline,16627841.057500001,4622749.0,74789,12
2016-07,Middle East and North Africa,Online,13114060.7375,3597006.31875,42694,7
2016-07,North America,Offline,3962511.27,768516.3500000001,12868,2
2016-07,Sub-Saharan Africa,Offline,3493728.39,1446734.87,18994,6
2016-07,Sub-Saharan Africa,Online,19530586.2375,5522727.54875,73690,13
2016-08,Asia,Offline,5511433.05,1408742.3999999994,17534,5
2016-08,Asia,Online,6730206.14,1581309.1599999997,17797,3
2016-08,Australia and Oceania,Offline,2504588.6399999997,1125261.19,9195,3
2016-08,Australia and Oceania,Online,1396600.91,448367.70999999996,11513,4
2016-08,Central America and the Caribbean,Offline,3176936.81,1099605.9200000002,21647,5
2016-08,Central America and the Caribbean,Online,9382513.7475,2785969.1075,19915,5
2016-08,Europe,Offline,20557566.778750002,6348868.14,96166,18
2016-08,Europe,Online,25082733.3875,7389668.91,105650,24
2016-08,Middle East and North Africa,Offline,15201438.36875,4983796.80875,51472,10
2016-08,Middle East and North Africa,Online,14068362.91875,3955334.25875,49998,9
2016-08,North America,Offline,33431.020000000004,13699.210000000005,217,1
2016-08,North America,Online,349576.93,219514.64999999997,6851,2
2016-08,Sub-Saharan Africa,Offline,16201933.91,4326679.63,62236,14
2016-08,Sub-Saharan Africa,Online,4966635.08,1780823.6200000006,39281,7
2016-09,Asia,Offline,13959325.027500002,3881240.51875,38624,7
2016-09,Asia,Online,6424620.45,2367361.5500000003,35889,7
2016-09,Australia and Oceania,Offline,4326393.27,1356194.17,18076,4
2016-09,Australia and Oceania,Online,1929506.2000000002,796506.6099999999,19839,3
2016-09,Central America and the Caribbean,Offline,487387.36000000004,186907.72000000003,6976,4
2016-09,Central America and the Caribbean,Online,7031220.89,2606397.7199999997,27402,6
2016-09,Europe,Offline,15096296.41,4920693.72875,64181,16
2016-09,Europe,Online,13806939.39875,4207969.1987499995,55856,12
2016-09,Middle East and North Africa,Offline,19660892.27625,5085843.69,54381,8
2016-09,Middle East and North Africa,Online,2540736.9699999997,477051.04000000004,13669,4
2016-09,North America,Offline,2284275.18,825500.9400000002,14971,3
2016-09,North America,Online,935544.47,623412.18,8746,2
2016-09,Sub-Saharan Africa,Offline,21275491.4775,7051274.96,67624,12
2016-09,Sub-Saharan Africa,Online,15438504.037500001,4091057.660000001,61592,14
2016-10,Asia,Offline,9038465.91875,2540309.56,26062,8
2016-10,Asia,Online,14112851.20875,3699666.12,45072,7
2016-10,Australia and Oceania,Offline,4783782.75,2249983.3200000003,24802,5
2016-10,Australia and Oceania,Online,742206.2999999999,314868.68999999994,3981,2
2016-10,Central America and the Caribbean,Offline,10303375.07875,2725985.6799999997,36102,9
2016-10,Central America and the Caribbean,Online,17969926.98875,4327484.069999999,34999,9
2016-10,Europe,Offline,23224695.00875,8688186.68875,105695,20
2016-10,Europe,Online,26428708.72875,8145745.748749999,93816,19
2016-10,Middle East and North Africa,Offline,7285426.62,2710859.1600000006,35223,6
2016-10,Middle East and North Africa,Online,502691.99,174921.68,8945,2
2016-10,North America,Online,29380.17,7589.090000000004,3149,1
2016-10,Sub-Saharan Africa,Offline,12117578.17875,4172079.9100000006,86743,15
2016-10,Sub-Saharan Africa,Online,12925858.26,3876275.3699999996,55866,12
2016-11,Asia,Offline,3796585.22,1586179.03,21801,6
2016-11,Asia,Online,6071423.36,1579528.15,20534,5
2016-11,Australia and Oceania,Offline,8279682.43875,2306487.6787499995,14516,4
2016-11,Australia and Oceania,Online,11240470.26875,2655267.94875,33060,7
2016-11,Central America and the Caribbean,Offline,6778427.53875,2378955.3987499997,22690,4
2016-11,Central America and the Caribbean,Online,7245806.930000001,2251078.71,46526,8
2016-11,Europe,Offline,9856895.11,3694702.33,62208,13
2016-11,Europe,Online,16975205.44,4784015.61,76287,14
2016-11,Middle East and North Africa,Offline,6005594.86875,1746666.74875,14487,3
2016-11,Middle East and North Africa,Online,5840556.29,2091409.17,23781,5
2016-11,North America,Online,4203810.80875,1297862.9187500002,9641,2
2016-11,Sub-Saharan Africa,Offline,15453366.57875,4951371.42,59367,10
2016-11,Sub-Saharan Africa,Online,13331394.76875,3716578.12,61863,10
2016-12,Asia,Offline,9280810.69,2380176.4699999997,38556,10
2016-12,Asia,Online,9383356.75,3194973.23,45596,8
2016-12,Australia and Oceania,Offline,1663487.1300000001,593172.57,20103,5
2016-12,Australia and Oceania,Online,7800922.70875,2421839.11,29440,5
2016-12,Central America and the Caribbean,Offline,9839761.700000001,2923208.1400000006,54318,7
2016-12,Central America and the Caribbean,Online,457748.4,182041.88999999996,1047,1
2016-12,Europe,Offline,11201064.1,4051377.7399999998,48813,11
2016-12,Europe,Online,20974985.36875,7855822.64,103023,23
2016-12,Middle East and North Africa,Offline,5361096.58,2323996.64,41971,7
2016-12,Middle East and North Africa,Online,2463730.47,986326.45,14745,6
2016-12,North America,Online,1669812.9,933931.95,13371,2
2016-12,Sub-Saharan Africa,Offline,23215437.35875,7923734.05875,83700,19
2016-12,Sub-Saharan Africa,Online,25752314.64875,7648527.09,95785,20
2017-01,Asia,Offline,6579428.91875,1776433.2500000005,29701,7
2017-01,Asia,Online,7785225.09875,2317047.80875,25499,6
2017-01,Australia and Oceania,Offline,2862958.79,1080200.4700000002,14124,4
2017-01,Australia and Oceania,Online,10296657.69,3678140.51,45546,7
2017-01,Central America and the Caribbean,Offline,5810431.27,2317799.2600000002,27396,9
2017-01,Central America and the Caribbean,Online,2779414.54,1031016.8200000001,19774,5
2017-01,Europe,Offline,6803532.61875,2217959.55,33431,6
2017-01,Europe,Online,32171681.56875,10193849.28875,109972,22
2017-01,Middle East and North Africa,Offline,8864040.18,2377516.73,33788,7
2017-01,Middle East and North Africa,Online,4588606.71,1569575.56,20935,4
2017-01,North America,Offline,1476516.66,533589.7800000001,9677,1
2017-01,North America,Online,6908302.89,1728391.27,23344,4
2017-01,Sub-Saharan Africa,Offline,3444219.56,1173360.31,15667,6
2017-01,Sub-Saharan Africa,Online,19272739.427500002,5516570.4087499995,60966,13
2017-02,Asia,Offline,15999999.45875,3690862.6799999997,40479,9
2017-02,Asia,Online,7832366.52,1182370.0499999998,20586,5
2017-02,Australia and Oceania,Offline,9028433.4975,2550648.0287499996,27848,6
2017-02,Australia and Oceania,Online,7651532.26,2306864.9787500002,19889,3
2017-02,Central America and the Caribbean,Offline,4454677.99,1644990.2,21110,5
2017-02,Central America and the Caribbean,Online,4148118.73,981266.6299999998,18871,7
2017-02,Europe,Offline,19765850.0575,5852471.220000001,70674,11
2017-02,Europe,Online,14750981.217500001,4578780.538749999,59859,12
2017-02,Middle East and North Africa,Offline,6008312.05,2443535.5,41710,8
2017-02,Middle East and North Africa,Online,12004170.719999999,4150719.85,42304,9
2017-02,Sub-Saharan Africa,Offline,16708927.31,5626509.869999999,83909,20
2017-02,Sub-Saharan Africa,Online,15884971.678749999,4911205.48875,51545,10
2017-03,Asia,Offline,7396315.24875,1905140.7000000002,37160,9
2017-03,Asia,Online,9216852.57,3473454.15,44912,11
2017-03,Australia and Oceania,Offline,5067206.54,1739200.8200000003,28076,5
2017-03,Australia and Oceania,Online,3579369.91,1059452.5,16848,6
2017-03,Central America and the Caribbean,Offline,11656883.2475,3255229.1987500004,32589,7
2017-03,Central America and the Caribbean,Online,539825.9400000001,163499.43000000002,10578,2
2017-03,Europe,Offline,13550445.11,4419554.77,65699,13
2017-03,Europe,Online,20807754.05,6388445.67,79784,17
2017-03,Middle East and North Africa,Offline,6793392.16875,2145692.82,30959,6
2017-03,Middle East and North Africa,Online,3543366.07,1674989.66,29451,8
2017-03,North America,Offline,4311491.64,1697060.94,22752,3
2017-03,North America,Online,3235916.88,615690.3,5136,2
2017-03,Sub-Saharan Africa,Offline,32609307.64,9522364.80875,102655,22
2017-03,Sub-Saharan Africa,Online,16078923.17875,4548840.49875,59985,10
2017-04,Asia,Offline,9277828.7,2065663.3199999996,34179,8
2017-04,Asia,Online,5331890.2,1787464.88,23070,5
2017-04,Australia and Oceania,Offline,1697260.9,687387.3,15272,2
2017-04,Australia and Oceania,Online,10136209.8375,3025842.289999999,33736,5
2017-04,Central America and the Caribbean,Offline,6179014.94,1726122.4799999997,23964,5
2017-04,Central America and the Caribbean,Online,6076004.25,1374904.66,15607,5
2017-04,Europe,Offline,20791931.33875,7035980.257499999,83773,17
2017-04,Europe,Online,10755341.8,3067138.3699999996,45578,9
2017-04,Middle East and North Africa,Offline,3368755.43,1151469.61,21360,6
2017-04,Middle East and North Africa,Online,439868.4900000001,142699.17000000004,12237,2
2017-04,North America,Offline,50475.3,13038.100000000006,5410,1
2017-04,Sub-Saharan Africa,Offline,4743131.56,1942368.6099999999,33193,6
2017-04,Sub-Saharan Africa,Online,22016176.55875,5436731.46,89446,19
2017-05,Asia,Offline,17957975.49875,5693850.86875,87661,13
2017-05,Asia,Online,11937622.10875,4037234.41875,68051,14
2017-05,Australia and Oceania,Offline,2697440.67,743626.74,15544,4
2017-05,Australia and Oceania,Online,2607589.54,646678.46,3902,1
2017-05,Central America and the Caribbean,Offline,636186.3200000001,195067.04000000004,7784,1
2017-05,Central America and the Caribbean,Online,6552981.53875,1891398.7499999995,14055,4
2017-05,Europe,Offline,24480093.80625,7262188.35875,77154,14
2017-05,Europe,Online,18764275.69875,6604402.95,85643,15
2017-05,Middle East and North Africa,Offline,10039424.85,2331926.92,33635,8
2017-05,Middle East and North Africa,Online,7725154.77,2250938.4987500003,34423,6
2017-05,North America,Offline,1199011.38,162562.3999999999,2842,1
2017-05,North America,Online,2993601.21,1279523.52,25044,4
2017-05,Sub-Saharan Africa,Offline,19124742.78875,7290110.01,104629,19
2017-05,Sub-Saharan Africa,Online,26511257.805,8321399.85875,90369,15
2017-06,Asia,Offline,5324342.06,1478899.0699999996,17105,6
2017-06,Asia,Online,5135844.99,1326566.1600000001,10446,7
2017-06,Australia and Oceania,Offline,861235.68,578780.64,7881,1
2017-06,Australia and Oceania,Online,3905526.69,1201996.38,14601,6
2017-06,Central America and the Caribbean,Offline,13745650.127500001,4456421.30875,45808,9
2017-06,Central America and the Caribbean,Online,6797302.63875,1648052.9100000001,28299,5
2017-06,Europe,Offline,17942625.87875,5173008.44,73139,15
2017-06,Europe,Online,19863482.958750002,4573335.34,75910,16
2017-06,Middle East and North Africa,Offline,1775249.96,667809.5299999999,14381,2
2017-06,Middle East and North Africa,Online,17451849.169999998,4599727.028749999,78451,12
2017-06,North America,Offline,1216611.82,498537.61,7897,1
2017-06,North America,Online,764753.84,313377.31999999995,4964,1
2017-06,Sub-Saharan Africa,Offline,11314689.01,3159164.99,64465,16
2017-06,Sub-Saharan Africa,Online,15065390.8,4810657.069999999,59017,15
2017-07,Asia,Offline,9460429.89875,3192921.6499999994,29277,5
2017-07,Asia,Online,7809948.199999999,2924127.00875,44572,7
2017-07,Australia and Oceania,Offline,8185626.27875,2590142.2299999995,20389,6
2017-07,Australia and Oceania,Online,6407525.9887500005,1389065.2200000002,27573,5
2017-07,Central America and the Caribbean,Offline,12174927.18875,3129548.23875,45320,9
2017-07,Central America and the Caribbean,Online,9799336.588750001,2791300.5,37927,8
2017-07,Europe,Offline,18781715.0675,6454893.69875,89788,18
2017-07,Europe,Online,30714746.4075,9923285.239999998,104012,23
2017-07,Middle East and North Africa,Offline,12462501.04875,3475331.1299999994,37817,8
2017-07,Middle East and North Africa,Online,10015309.79875,2872547.29,33221,7
2017-07,North America,Offline,2616945.32,648998.6799999997,3916,1
2017-07,North America,Online,3079128.82,1221343.37,13176,2
2017-07,Sub-Saharan Africa,Offline,11707722.48,4883373.29,61946,13
2017-07,Sub-Saharan Africa,Online,14607028.06,5500739.93875,61492,17
